medicine_name,adult_dosage,pediatric_dosage,elderly_dosage,weight_based_adjustments
abacavir,300 mg,Dosage is typically weight-based (mg/kg) or surface area-based; refer to national guidelines.,Standard adult dosage (monitor renal function and for side effects).,
abiraterone,250 mg; 500 mg,Dosage is typically weight-based (mg/kg) or surface area-based; refer to national guidelines.,Standard adult dosage (monitor renal function and for side effects).,
acamprosate calcium,333 mg,Dosage is typically weight-based (mg/kg) or surface area-based; refer to national guidelines.,Standard adult dosage (monitor renal function and for side effects).,
acetazolamide,250 mg,Dosage is typically weight-based (mg/kg) or surface area-based; refer to national guidelines.,Standard adult dosage (monitor renal function and for side effects).,
all-trans retinoid acid (ATRA),10 mg,Dosage is typically weight-based (mg/kg) or surface area-based; refer to national guidelines.,Standard adult dosage (monitor renal function and for side effects).,
alteplase,10 mg; 20 mg; 50 mg,Dosage is typically weight-based (mg/kg) or surface area-based; refer to national guidelines.,Standard adult dosage (monitor renal function and for side effects).,
amidotrizoate,140 mg to 420 mg iodine/mL,Dosage is typically weight-based (mg/kg) or surface area-based; refer to national guidelines.,Standard adult dosage (monitor renal function and for side effects).,
amiloride,5 mg,Dosage is typically weight-based (mg/kg) or surface area-based; refer to national guidelines.,Standard adult dosage (monitor renal function and for side effects).,
amitriptyline,10 mg; 25 mg; 75 mg,Dosage is typically weight-based (mg/kg) or surface area-based; refer to national guidelines.,Standard adult dosage (monitor renal function and for side effects).,
amodiaquine,153 mg or 200 mg,Dosage is typically weight-based (mg/kg) or surface area-based; refer to national guidelines.,Standard adult dosage (monitor renal function and for side effects).,
amodiaquine – sulfadoxine + pyrimethamine,amodiaquine 76.5 mg (as hydrochloride) [3] and sulfadoxine + pyrimethamine 250 mg + 12.5 mg [1]; amodiaquine 153 mg (as hydrochloride) [3] and sulfadoxine + pyrimethamine 500 mg + 25 mg [1],Dosage is typically weight-based (mg/kg) or surface area-based; refer to national guidelines.,Standard adult dosage (monitor renal function and for side effects).,
amphotericin B,50 mg,Dosage is typically weight-based (mg/kg) or surface area-based; refer to national guidelines.,Standard adult dosage (monitor renal function and for side effects).,
ansuvimab,400 mg,Dosage is typically weight-based (mg/kg) or surface area-based; refer to national guidelines.,Standard adult dosage (monitor renal function and for side effects).,
anti-D immunoglobulin,250 micrograms,Dosage is typically weight-based (mg/kg) or surface area-based; refer to national guidelines.,Standard adult dosage (monitor renal function and for side effects).,
anti-rabies immunoglobulin,150 IU/mL,Dosage is typically weight-based (mg/kg) or surface area-based; refer to national guidelines.,Standard adult dosage (monitor renal function and for side effects).,
anti-tetanus immunoglobulin,500 IU,Dosage is typically weight-based (mg/kg) or surface area-based; refer to national guidelines.,Standard adult dosage (monitor renal function and for side effects).,
arsenic trioxide,1 mg/mL; 2 mg/mL,Dosage is typically weight-based (mg/kg) or surface area-based; refer to national guidelines.,Standard adult dosage (monitor renal function and for side effects).,
artemether,80 mg/mL,Dosage is typically weight-based (mg/kg) or surface area-based; refer to national guidelines.,Standard adult dosage (monitor renal function and for side effects).,Dosage highly dependent on weight for malaria.
artemether + lumefantrine,20 mg + 120 mg,Dosage is typically weight-based (mg/kg) or surface area-based; refer to national guidelines.,Standard adult dosage (monitor renal function and for side effects).,
artesunate + mefloquine,25 mg + 55 mg; 100 mg + 220 mg,Dosage is typically weight-based (mg/kg) or surface area-based; refer to national guidelines.,Standard adult dosage (monitor renal function and for side effects).,
asparaginase,10 000 IU,Dosage is typically weight-based (mg/kg) or surface area-based; refer to national guidelines.,Standard adult dosage (monitor renal function and for side effects).,
atazanavir + ritonavir,300 mg + 100 mg,Dosage is typically weight-based (mg/kg) or surface area-based; refer to national guidelines.,Standard adult dosage (monitor renal function and for side effects).,
atoltivimab + maftivimab + odesivimab,241.7 mg + 241.7 mg + 241.7 mg,Dosage is typically weight-based (mg/kg) or surface area-based; refer to national guidelines.,Standard adult dosage (monitor renal function and for side effects).,
atracurium,10 mg/mL,Dosage is typically weight-based (mg/kg) or surface area-based; refer to national guidelines.,Standard adult dosage (monitor renal function and for side effects).,
barium sulfate,,Dosage is typically weight-based (mg/kg) or surface area-based; refer to national guidelines.,Standard adult dosage (monitor renal function and for side effects).,
BCG vaccine,,Dosage is typically weight-based (mg/kg) or surface area-based; refer to national guidelines.,Standard adult dosage (monitor renal function and for side effects).,
bedaquiline,100 mg,20 mg,Standard adult dosage (monitor renal function and for side effects).,
benzathine benzylpenicillin,2.4 million IU ( ≈ 1.8 g),1.2 million IU ( ≈ 900 mg),Standard adult dosage (monitor renal function and for side effects).,
benzoyl peroxide,5%,Dosage is typically weight-based (mg/kg) or surface area-based; refer to national guidelines.,Standard adult dosage (monitor renal function and for side effects).,
benzyl benzoate,25%,Dosage is typically weight-based (mg/kg) or surface area-based; refer to national guidelines.,Standard adult dosage (monitor renal function and for side effects).,
bevacizumab,25 mg/mL,Dosage is typically weight-based (mg/kg) or surface area-based; refer to national guidelines.,Standard adult dosage (monitor renal function and for side effects).,
bortezomib,3.5 mg,Dosage is typically weight-based (mg/kg) or surface area-based; refer to national guidelines.,Standard adult dosage (monitor renal function and for side effects).,
bupropion,150 mg,Dosage is typically weight-based (mg/kg) or surface area-based; refer to national guidelines.,Standard adult dosage (monitor renal function and for side effects).,
cabergoline,0.5 mg; 1 mg,Dosage is typically weight-based (mg/kg) or surface area-based; refer to national guidelines.,Standard adult dosage (monitor renal function and for side effects).,
caffeine citrate,,20 mg/mL (equivalent to 10 mg caffeine base/mL),Standard adult dosage (monitor renal function and for side effects).,
calamine,,Dosage is typically weight-based (mg/kg) or surface area-based; refer to national guidelines.,Standard adult dosage (monitor renal function and for side effects).,
calcium,500 mg,Dosage is typically weight-based (mg/kg) or surface area-based; refer to national guidelines.,Standard adult dosage (monitor renal function and for side effects).,
calcium gluconate,100 mg/mL,Dosage is typically weight-based (mg/kg) or surface area-based; refer to national guidelines.,Standard adult dosage (monitor renal function and for side effects).,
carbetocin,100 micrograms/mL,Dosage is typically weight-based (mg/kg) or surface area-based; refer to national guidelines.,Standard adult dosage (monitor renal function and for side effects).,
cefazolin,1 g,Dosage is typically weight-based (mg/kg) or surface area-based; refer to national guidelines.,Standard adult dosage (monitor renal function and for side effects).,
cefiderocol,1 g,Dosage is typically weight-based (mg/kg) or surface area-based; refer to national guidelines.,Standard adult dosage (monitor renal function and for side effects).,
ceftazidime,250 mg; 1 g,Dosage is typically weight-based (mg/kg) or surface area-based; refer to national guidelines.,Standard adult dosage (monitor renal function and for side effects).,
ceftazidime + avibactam,2 g + 0.5 g,Dosage is typically weight-based (mg/kg) or surface area-based; refer to national guidelines.,Standard adult dosage (monitor renal function and for side effects).,
ceftolozane + tazobactam,1 g + 0.5 g,Dosage is typically weight-based (mg/kg) or surface area-based; refer to national guidelines.,Standard adult dosage (monitor renal function and for side effects).,
cefuroxime,250 mg; 750 mg; 1.5 g,Dosage is typically weight-based (mg/kg) or surface area-based; refer to national guidelines.,Standard adult dosage (monitor renal function and for side effects).,
chlorambucil,2 mg,Dosage is typically weight-based (mg/kg) or surface area-based; refer to national guidelines.,Standard adult dosage (monitor renal function and for side effects).,
chloramphenicol,0.5 g/mL; 1 g,Dosage is typically weight-based (mg/kg) or surface area-based; refer to national guidelines.,Standard adult dosage (monitor renal function and for side effects).,
chlorine base compound,0.1% available chlorine,Dosage is typically weight-based (mg/kg) or surface area-based; refer to national guidelines.,Standard adult dosage (monitor renal function and for side effects).,
chloroxylenol,4.8%,Dosage is typically weight-based (mg/kg) or surface area-based; refer to national guidelines.,Standard adult dosage (monitor renal function and for side effects).,
cholera vaccine,,Dosage is typically weight-based (mg/kg) or surface area-based; refer to national guidelines.,Standard adult dosage (monitor renal function and for side effects).,
cladribine,10 mg,Dosage is typically weight-based (mg/kg) or surface area-based; refer to national guidelines.,Standard adult dosage (monitor renal function and for side effects).,
clofazimine,50 mg; 100 mg,Dosage is typically weight-based (mg/kg) or surface area-based; refer to national guidelines.,Standard adult dosage (monitor renal function and for side effects).,
clomifene,50 mg,Dosage is typically weight-based (mg/kg) or surface area-based; refer to national guidelines.,Standard adult dosage (monitor renal function and for side effects).,
clomipramine,10 mg; 25 mg,Dosage is typically weight-based (mg/kg) or surface area-based; refer to national guidelines.,Standard adult dosage (monitor renal function and for side effects).,
clopidogrel,75 mg; 300 mg,Dosage is typically weight-based (mg/kg) or surface area-based; refer to national guidelines.,Standard adult dosage (monitor renal function and for side effects).,
clozapine,25 to 200 mg,Dosage is typically weight-based (mg/kg) or surface area-based; refer to national guidelines.,Standard adult dosage (monitor renal function and for side effects).,
coagulation factor IX,500 IU; 1000 IU,Dosage is typically weight-based (mg/kg) or surface area-based; refer to national guidelines.,Standard adult dosage (monitor renal function and for side effects).,
coagulation factor VIII,250 IU; 500 IU; 1000 IU,Dosage is typically weight-based (mg/kg) or surface area-based; refer to national guidelines.,Standard adult dosage (monitor renal function and for side effects).,
coal tar,5%,Dosage is typically weight-based (mg/kg) or surface area-based; refer to national guidelines.,Standard adult dosage (monitor renal function and for side effects).,
codeine,30 mg,Dosage is typically weight-based (mg/kg) or surface area-based; refer to national guidelines.,Standard adult dosage (monitor renal function and for side effects).,
colistin,1 million IU (as colistemethate sodium) (equivalent to 34 mg colistin base activity),Dosage is typically weight-based (mg/kg) or surface area-based; refer to national guidelines.,Standard adult dosage (monitor renal function and for side effects).,
condoms,,Dosage is typically weight-based (mg/kg) or surface area-based; refer to national guidelines.,Standard adult dosage (monitor renal function and for side effects).,
copper-containing device,,Dosage is typically weight-based (mg/kg) or surface area-based; refer to national guidelines.,Standard adult dosage (monitor renal function and for side effects).,
cycloserine,250 mg,125 mg,Standard adult dosage (monitor renal function and for side effects).,
dacarbazine,100 mg; 200 mg,Dosage is typically weight-based (mg/kg) or surface area-based; refer to national guidelines.,Standard adult dosage (monitor renal function and for side effects).,
daclatasvir,30 mg; 60 mg,Dosage is typically weight-based (mg/kg) or surface area-based; refer to national guidelines.,Standard adult dosage (monitor renal function and for side effects).,
daclatasvir + sofosbuvir,60 mg + 400 mg,Dosage is typically weight-based (mg/kg) or surface area-based; refer to national guidelines.,Standard adult dosage (monitor renal function and for side effects).,
dapsone,25 mg; 50 mg; 100 mg,Dosage is typically weight-based (mg/kg) or surface area-based; refer to national guidelines.,Standard adult dosage (monitor renal function and for side effects).,
darunavir,75 mg; 400 mg; 600 mg; 800 mg,Dosage is typically weight-based (mg/kg) or surface area-based; refer to national guidelines.,Standard adult dosage (monitor renal function and for side effects).,
dasatinib,20 mg; 50 mg; 70 mg; 80 mg; 100 mg; 140 mg,Dosage is typically weight-based (mg/kg) or surface area-based; refer to national guidelines.,Standard adult dosage (monitor renal function and for side effects).,
deferoxamine,500 mg,Dosage is typically weight-based (mg/kg) or surface area-based; refer to national guidelines.,Standard adult dosage (monitor renal function and for side effects).,
dengue vaccine,,Dosage is typically weight-based (mg/kg) or surface area-based; refer to national guidelines.,Standard adult dosage (monitor renal function and for side effects).,
dextran 70,6%,Dosage is typically weight-based (mg/kg) or surface area-based; refer to national guidelines.,Standard adult dosage (monitor renal function and for side effects).,
diaphragms,,Dosage is typically weight-based (mg/kg) or surface area-based; refer to national guidelines.,Standard adult dosage (monitor renal function and for side effects).,
diethylcarbamazine,50 mg; 100 mg,Dosage is typically weight-based (mg/kg) or surface area-based; refer to national guidelines.,Standard adult dosage (monitor renal function and for side effects).,
dihydroartemisinin + piperaquine phosphate,20 mg + 160 mg; 40 mg + 320 mg,Dosage is typically weight-based (mg/kg) or surface area-based; refer to national guidelines.,Standard adult dosage (monitor renal function and for side effects).,
diloxanide,500 mg,Dosage is typically weight-based (mg/kg) or surface area-based; refer to national guidelines.,Standard adult dosage (monitor renal function and for side effects).,
dimercaprol,50 mg/mL,Dosage is typically weight-based (mg/kg) or surface area-based; refer to national guidelines.,Standard adult dosage (monitor renal function and for side effects).,
diphtheria vaccine,,Dosage is typically weight-based (mg/kg) or surface area-based; refer to national guidelines.,Standard adult dosage (monitor renal function and for side effects).,
dopamine,40 mg/mL,Dosage is typically weight-based (mg/kg) or surface area-based; refer to national guidelines.,Standard adult dosage (monitor renal function and for side effects).,
efavirenz,600 mg,Dosage is typically weight-based (mg/kg) or surface area-based; refer to national guidelines.,Standard adult dosage (monitor renal function and for side effects).,
eflornithine,200 mg/mL,Dosage is typically weight-based (mg/kg) or surface area-based; refer to national guidelines.,Standard adult dosage (monitor renal function and for side effects).,
ergometrine,200 micrograms,Dosage is typically weight-based (mg/kg) or surface area-based; refer to national guidelines.,Standard adult dosage (monitor renal function and for side effects).,
erythromycin,,0.5%,Standard adult dosage (monitor renal function and for side effects).,
estradiol cypionate + medroxyprogesterone acetate,5 mg + 25 mg,Dosage is typically weight-based (mg/kg) or surface area-based; refer to national guidelines.,Standard adult dosage (monitor renal function and for side effects).,
ethambutol + isoniazid + pyrazinamide + rifampicin,275 mg + 75 mg + 400 mg + 150 mg,Dosage is typically weight-based (mg/kg) or surface area-based; refer to national guidelines.,Standard adult dosage (monitor renal function and for side effects).,
ethambutol + isoniazid + rifampicin,275 mg + 75 mg + 150 mg,Dosage is typically weight-based (mg/kg) or surface area-based; refer to national guidelines.,Standard adult dosage (monitor renal function and for side effects).,
ethanol,70%,Dosage is typically weight-based (mg/kg) or surface area-based; refer to national guidelines.,Standard adult dosage (monitor renal function and for side effects).,
ethinylestradiol + etonogestrel,2.7 mg + 11.7 mg,Dosage is typically weight-based (mg/kg) or surface area-based; refer to national guidelines.,Standard adult dosage (monitor renal function and for side effects).,
ethinylestradiol + levonorgestrel,30 micrograms + 150 micrograms,Dosage is typically weight-based (mg/kg) or surface area-based; refer to national guidelines.,Standard adult dosage (monitor renal function and for side effects).,
ethinylestradiol + norethisterone,35 micrograms + 1 mg,Dosage is typically weight-based (mg/kg) or surface area-based; refer to national guidelines.,Standard adult dosage (monitor renal function and for side effects).,
etonogestrel-releasing implant,68 mg,Dosage is typically weight-based (mg/kg) or surface area-based; refer to national guidelines.,Standard adult dosage (monitor renal function and for side effects).,
fentanyl,12 micrograms/hr; 25 micrograms/hr; 50 micrograms/hr; 75 micrograms/hr; 100 micrograms/hr,Dosage is typically weight-based (mg/kg) or surface area-based; refer to national guidelines.,Standard adult dosage (monitor renal function and for side effects).,
fexinidazole,600 mg,Dosage is typically weight-based (mg/kg) or surface area-based; refer to national guidelines.,Standard adult dosage (monitor renal function and for side effects).,
fludrocortisone,100 micrograms,Dosage is typically weight-based (mg/kg) or surface area-based; refer to national guidelines.,Standard adult dosage (monitor renal function and for side effects).,
fluorescein,1%,Dosage is typically weight-based (mg/kg) or surface area-based; refer to national guidelines.,Standard adult dosage (monitor renal function and for side effects).,
folic acid,400 micrograms; 1 mg; 5 mg,Dosage is typically weight-based (mg/kg) or surface area-based; refer to national guidelines.,Standard adult dosage (monitor renal function and for side effects).,
fosfomycin,2 g; 4 g,Dosage is typically weight-based (mg/kg) or surface area-based; refer to national guidelines.,Standard adult dosage (monitor renal function and for side effects).,
fresh-frozen plasma,,Dosage is typically weight-based (mg/kg) or surface area-based; refer to national guidelines.,Standard adult dosage (monitor renal function and for side effects).,
glatiramer acetate,20 mg/mL; 40 mg/mL,Dosage is typically weight-based (mg/kg) or surface area-based; refer to national guidelines.,Standard adult dosage (monitor renal function and for side effects).,
glucagon,1 mg/mL,Dosage is typically weight-based (mg/kg) or surface area-based; refer to national guidelines.,Standard adult dosage (monitor renal function and for side effects).,
glutaral,2%,Dosage is typically weight-based (mg/kg) or surface area-based; refer to national guidelines.,Standard adult dosage (monitor renal function and for side effects).,
glyceryl trinitrate,500 micrograms,Dosage is typically weight-based (mg/kg) or surface area-based; refer to national guidelines.,Standard adult dosage (monitor renal function and for side effects).,
Haemophilus influenzae type b vaccine,,Dosage is typically weight-based (mg/kg) or surface area-based; refer to national guidelines.,Standard adult dosage (monitor renal function and for side effects).,
hepatitis A vaccine,,Dosage is typically weight-based (mg/kg) or surface area-based; refer to national guidelines.,Standard adult dosage (monitor renal function and for side effects).,
hepatitis B vaccine,,Dosage is typically weight-based (mg/kg) or surface area-based; refer to national guidelines.,Standard adult dosage (monitor renal function and for side effects).,
human papilloma virus (HPV) vaccine,,Dosage is typically weight-based (mg/kg) or surface area-based; refer to national guidelines.,Standard adult dosage (monitor renal function and for side effects).,
hydroxycarbamide (hydroxyurea),100 mg; 200 mg; 300 mg; 400 mg; 500 mg; 1 g,Dosage is typically weight-based (mg/kg) or surface area-based; refer to national guidelines.,Standard adult dosage (monitor renal function and for side effects).,
hydroxychloroquine,200 mg,Dosage is typically weight-based (mg/kg) or surface area-based; refer to national guidelines.,Standard adult dosage (monitor renal function and for side effects).,
hyoscine butylbromide,20 mg/mL,Dosage is typically weight-based (mg/kg) or surface area-based; refer to national guidelines.,Standard adult dosage (monitor renal function and for side effects).,
ibrutinib,140 mg,Dosage is typically weight-based (mg/kg) or surface area-based; refer to national guidelines.,Standard adult dosage (monitor renal function and for side effects).,
influenza vaccine (seasonal),,Dosage is typically weight-based (mg/kg) or surface area-based; refer to national guidelines.,Standard adult dosage (monitor renal function and for side effects).,
ipratropium bromide,20 micrograms/metered dose,Dosage is typically weight-based (mg/kg) or surface area-based; refer to national guidelines.,Standard adult dosage (monitor renal function and for side effects).,
isoniazid + pyridoxine + sulfamethoxazole + trimethoprim,300 mg + 25 mg + 800 mg + 160 mg,Dosage is typically weight-based (mg/kg) or surface area-based; refer to national guidelines.,Standard adult dosage (monitor renal function and for side effects).,
isoniazid + rifapentine,300 mg + 300 mg,Dosage is typically weight-based (mg/kg) or surface area-based; refer to national guidelines.,Standard adult dosage (monitor renal function and for side effects).,
isosorbide dinitrate,5 mg,Dosage is typically weight-based (mg/kg) or surface area-based; refer to national guidelines.,Standard adult dosage (monitor renal function and for side effects).,
ivermectin,3 mg,Dosage is typically weight-based (mg/kg) or surface area-based; refer to national guidelines.,Standard adult dosage (monitor renal function and for side effects).,
Japanese encephalitis vaccine,,Dosage is typically weight-based (mg/kg) or surface area-based; refer to national guidelines.,Standard adult dosage (monitor renal function and for side effects).,
lactulose,3.1 to 3.7 g/5 mL,Dosage is typically weight-based (mg/kg) or surface area-based; refer to national guidelines.,Standard adult dosage (monitor renal function and for side effects).,
latanoprost,50 micrograms/mL,Dosage is typically weight-based (mg/kg) or surface area-based; refer to national guidelines.,Standard adult dosage (monitor renal function and for side effects).,
ledipasvir + sofosbuvir,90 mg + 400 mg,Dosage is typically weight-based (mg/kg) or surface area-based; refer to national guidelines.,Standard adult dosage (monitor renal function and for side effects).,
lenalidomide,25 mg,Dosage is typically weight-based (mg/kg) or surface area-based; refer to national guidelines.,Standard adult dosage (monitor renal function and for side effects).,
letrozole,2.5 mg,Dosage is typically weight-based (mg/kg) or surface area-based; refer to national guidelines.,Standard adult dosage (monitor renal function and for side effects).,
levodopa + carbidopa,100 mg + 10 mg; 100 mg + 25 mg; 250 mg + 25 mg,Dosage is typically weight-based (mg/kg) or surface area-based; refer to national guidelines.,Standard adult dosage (monitor renal function and for side effects).,
levonorgestrel,30 micrograms; 750 micrograms (pack of two); 1.5 mg,Dosage is typically weight-based (mg/kg) or surface area-based; refer to national guidelines.,Standard adult dosage (monitor renal function and for side effects).,
levonorgestrel-releasing implant,75 mg (150 mg total),Dosage is typically weight-based (mg/kg) or surface area-based; refer to national guidelines.,Standard adult dosage (monitor renal function and for side effects).,
levonorgestrel-releasing intrauterine system,52 mg,Dosage is typically weight-based (mg/kg) or surface area-based; refer to national guidelines.,Standard adult dosage (monitor renal function and for side effects).,
levothyroxine,50 micrograms; 100 micrograms,25 micrograms,Standard adult dosage (monitor renal function and for side effects).,
lithium carbonate,300 mg,Dosage is typically weight-based (mg/kg) or surface area-based; refer to national guidelines.,Standard adult dosage (monitor renal function and for side effects).,
loperamide,2 mg,Dosage is typically weight-based (mg/kg) or surface area-based; refer to national guidelines.,Standard adult dosage (monitor renal function and for side effects).,
magnesium sulfate,0.5 g/mL (equivalent to 1 g in 2 mL; 50% weight/volume); 0.5 g/mL (equivalent to 5 g in 10 mL; 50% weight/volume),Dosage is typically weight-based (mg/kg) or surface area-based; refer to national guidelines.,Standard adult dosage (monitor renal function and for side effects).,Dosage includes explicit weight/volume concentrations.
mannitol,10%; 20%,10%; 20%,Standard adult dosage (monitor renal function and for side effects).,
measles vaccine,,Dosage is typically weight-based (mg/kg) or surface area-based; refer to national guidelines.,Standard adult dosage (monitor renal function and for side effects).,
mefloquine,250 mg,Dosage is typically weight-based (mg/kg) or surface area-based; refer to national guidelines.,Standard adult dosage (monitor renal function and for side effects).,
meglumine antimoniate,1.5 g/5 mL,Dosage is typically weight-based (mg/kg) or surface area-based; refer to national guidelines.,Standard adult dosage (monitor renal function and for side effects).,
meglumine iotroxate,5 g to 8 g iodine in 100 mL to 250 mL,Dosage is typically weight-based (mg/kg) or surface area-based; refer to national guidelines.,Standard adult dosage (monitor renal function and for side effects).,
melarsoprol,180 mg/5 mL,Dosage is typically weight-based (mg/kg) or surface area-based; refer to national guidelines.,Standard adult dosage (monitor renal function and for side effects).,
meningococcal meningitis vaccine,,Dosage is typically weight-based (mg/kg) or surface area-based; refer to national guidelines.,Standard adult dosage (monitor renal function and for side effects).,
meropenem + vaborbactam,1 g + 1 g,Dosage is typically weight-based (mg/kg) or surface area-based; refer to national guidelines.,Standard adult dosage (monitor renal function and for side effects).,
metformin,500 mg,,Standard adult dosage (monitor renal function and for side effects).,
methyldopa,250 mg,Dosage is typically weight-based (mg/kg) or surface area-based; refer to national guidelines.,Standard adult dosage (monitor renal function and for side effects).,
methylthioninium chloride (methylene blue),10 mg/mL,Dosage is typically weight-based (mg/kg) or surface area-based; refer to national guidelines.,Standard adult dosage (monitor renal function and for side effects).,
miconazole,2%,Dosage is typically weight-based (mg/kg) or surface area-based; refer to national guidelines.,Standard adult dosage (monitor renal function and for side effects).,
miltefosine,10 mg; 50 mg,Dosage is typically weight-based (mg/kg) or surface area-based; refer to national guidelines.,Standard adult dosage (monitor renal function and for side effects).,
mumps vaccine,,Dosage is typically weight-based (mg/kg) or surface area-based; refer to national guidelines.,Standard adult dosage (monitor renal function and for side effects).,
mupirocin,2%,Dosage is typically weight-based (mg/kg) or surface area-based; refer to national guidelines.,Standard adult dosage (monitor renal function and for side effects).,
naloxone,400 micrograms,Dosage is typically weight-based (mg/kg) or surface area-based; refer to national guidelines.,Standard adult dosage (monitor renal function and for side effects).,
natamycin,5%,Dosage is typically weight-based (mg/kg) or surface area-based; refer to national guidelines.,Standard adult dosage (monitor renal function and for side effects).,
niclosamide,500 mg,Dosage is typically weight-based (mg/kg) or surface area-based; refer to national guidelines.,Standard adult dosage (monitor renal function and for side effects).,
nicotinamide,50 mg,Dosage is typically weight-based (mg/kg) or surface area-based; refer to national guidelines.,Standard adult dosage (monitor renal function and for side effects).,
nifedipine,10 mg,Dosage is typically weight-based (mg/kg) or surface area-based; refer to national guidelines.,Standard adult dosage (monitor renal function and for side effects).,
nilotinib,150 mg; 200 mg,Dosage is typically weight-based (mg/kg) or surface area-based; refer to national guidelines.,Standard adult dosage (monitor renal function and for side effects).,
nivolumab,10 mg/mL,Dosage is typically weight-based (mg/kg) or surface area-based; refer to national guidelines.,Standard adult dosage (monitor renal function and for side effects).,
norethisterone etate,200 mg/mL,Dosage is typically weight-based (mg/kg) or surface area-based; refer to national guidelines.,Standard adult dosage (monitor renal function and for side effects).,
olanzapine,10 mg,Dosage is typically weight-based (mg/kg) or surface area-based; refer to national guidelines.,Standard adult dosage (monitor renal function and for side effects).,
oral rehydration salts – zinc sulfate,ORS powder for dilution (see Section 17.5.1) – zinc sulfate solid oral dosage form 20 mg (see Section 17.5.2),Dosage is typically weight-based (mg/kg) or surface area-based; refer to national guidelines.,Standard adult dosage (monitor renal function and for side effects).,
oseltamivir,30 mg; 45 mg; 75 mg,Dosage is typically weight-based (mg/kg) or surface area-based; refer to national guidelines.,Standard adult dosage (monitor renal function and for side effects).,
oxamniquine,250 mg,250 mg/5 mL,Standard adult dosage (monitor renal function and for side effects).,
oxytocin,10 IU,Dosage is typically weight-based (mg/kg) or surface area-based; refer to national guidelines.,Standard adult dosage (monitor renal function and for side effects).,
paliperidone,25 mg; 50 mg; 75 mg; 100 mg; 150 mg,Dosage is typically weight-based (mg/kg) or surface area-based; refer to national guidelines.,Standard adult dosage (monitor renal function and for side effects).,
p-aminosalicylate sodium,5.52 g in sachet (equivalent to 4 g p-aminosalicylic acid),Dosage is typically weight-based (mg/kg) or surface area-based; refer to national guidelines.,Standard adult dosage (monitor renal function and for side effects).,
paromomycin,750 mg of paromomycin base,Dosage is typically weight-based (mg/kg) or surface area-based; refer to national guidelines.,Standard adult dosage (monitor renal function and for side effects).,
penicillamine,250 mg,Dosage is typically weight-based (mg/kg) or surface area-based; refer to national guidelines.,Standard adult dosage (monitor renal function and for side effects).,
permethrin,5%; 1%,Dosage is typically weight-based (mg/kg) or surface area-based; refer to national guidelines.,Standard adult dosage (monitor renal function and for side effects).,
pertussis vaccine,,Dosage is typically weight-based (mg/kg) or surface area-based; refer to national guidelines.,Standard adult dosage (monitor renal function and for side effects).,
pilocarpine,2%; 4%,Dosage is typically weight-based (mg/kg) or surface area-based; refer to national guidelines.,Standard adult dosage (monitor renal function and for side effects).,
platelets,,Dosage is typically weight-based (mg/kg) or surface area-based; refer to national guidelines.,Standard adult dosage (monitor renal function and for side effects).,
plazomicin,500 mg/10 mL,Dosage is typically weight-based (mg/kg) or surface area-based; refer to national guidelines.,Standard adult dosage (monitor renal function and for side effects).,
pneumococcal vaccine,,Dosage is typically weight-based (mg/kg) or surface area-based; refer to national guidelines.,Standard adult dosage (monitor renal function and for side effects).,
podophyllum resin,10% to 25%,Dosage is typically weight-based (mg/kg) or surface area-based; refer to national guidelines.,Standard adult dosage (monitor renal function and for side effects).,
poliomyelitis vaccine,,Dosage is typically weight-based (mg/kg) or surface area-based; refer to national guidelines.,Standard adult dosage (monitor renal function and for side effects).,
polymyxin B,500 000 IU (equivalent to 50 mg polymyxin B base),Dosage is typically weight-based (mg/kg) or surface area-based; refer to national guidelines.,Standard adult dosage (monitor renal function and for side effects).,
potassium ferric hexacyano-ferrate(II) -2H2O (Prussian blue),,Dosage is typically weight-based (mg/kg) or surface area-based; refer to national guidelines.,Standard adult dosage (monitor renal function and for side effects).,
potassium iodide,60 mg,Dosage is typically weight-based (mg/kg) or surface area-based; refer to national guidelines.,Standard adult dosage (monitor renal function and for side effects).,
potassium permanganate,1:10 000,Dosage is typically weight-based (mg/kg) or surface area-based; refer to national guidelines.,Standard adult dosage (monitor renal function and for side effects).,
povidone iodine,10% (equivalent to 1% available iodine),Dosage is typically weight-based (mg/kg) or surface area-based; refer to national guidelines.,Standard adult dosage (monitor renal function and for side effects).,
pretomanid,200 mg,Dosage is typically weight-based (mg/kg) or surface area-based; refer to national guidelines.,Standard adult dosage (monitor renal function and for side effects).,
procarbazine,50 mg,Dosage is typically weight-based (mg/kg) or surface area-based; refer to national guidelines.,Standard adult dosage (monitor renal function and for side effects).,
progesterone vaginal ring,,Dosage is typically weight-based (mg/kg) or surface area-based; refer to national guidelines.,Standard adult dosage (monitor renal function and for side effects).,
proguanil,100 mg,Dosage is typically weight-based (mg/kg) or surface area-based; refer to national guidelines.,Standard adult dosage (monitor renal function and for side effects).,
propranolol,20 mg; 40 mg,Dosage is typically weight-based (mg/kg) or surface area-based; refer to national guidelines.,Standard adult dosage (monitor renal function and for side effects).,
propylthiouracil,50 mg,Dosage is typically weight-based (mg/kg) or surface area-based; refer to national guidelines.,Standard adult dosage (monitor renal function and for side effects).,
prostaglandin E1,,0.5 mg/mL,Standard adult dosage (monitor renal function and for side effects).,
protamine sulfate,10 mg/mL,,Standard adult dosage (monitor renal function and for side effects).,
pyrantel,250 mg,Dosage is typically weight-based (mg/kg) or surface area-based; refer to national guidelines.,Standard adult dosage (monitor renal function and for side effects).,
pyridoxine,25 mg,Dosage is typically weight-based (mg/kg) or surface area-based; refer to national guidelines.,Standard adult dosage (monitor renal function and for side effects).,
pyrimethamine,25 mg,Dosage is typically weight-based (mg/kg) or surface area-based; refer to national guidelines.,Standard adult dosage (monitor renal function and for side effects).,
rabies vaccine,,Dosage is typically weight-based (mg/kg) or surface area-based; refer to national guidelines.,Standard adult dosage (monitor renal function and for side effects).,
rasburicase,1.5 mg; 7.5 mg,Dosage is typically weight-based (mg/kg) or surface area-based; refer to national guidelines.,Standard adult dosage (monitor renal function and for side effects).,
ravidasvir,200 mg,Dosage is typically weight-based (mg/kg) or surface area-based; refer to national guidelines.,Standard adult dosage (monitor renal function and for side effects).,
ready-to-use therapeutic food,,Dosage is typically weight-based (mg/kg) or surface area-based; refer to national guidelines.,Standard adult dosage (monitor renal function and for side effects).,
realgar-Indigo naturalis formulation,270 mg (containing tetra-arsenic tetra-sulfide 30 mg),Dosage is typically weight-based (mg/kg) or surface area-based; refer to national guidelines.,Standard adult dosage (monitor renal function and for side effects).,
red blood cells,,Dosage is typically weight-based (mg/kg) or surface area-based; refer to national guidelines.,Standard adult dosage (monitor renal function and for side effects).,
resin-based composite (high-viscosity),,Dosage is typically weight-based (mg/kg) or surface area-based; refer to national guidelines.,Standard adult dosage (monitor renal function and for side effects).,
resin-based composite (low-viscosity),,Dosage is typically weight-based (mg/kg) or surface area-based; refer to national guidelines.,Standard adult dosage (monitor renal function and for side effects).,
riboflavin,5 mg,Dosage is typically weight-based (mg/kg) or surface area-based; refer to national guidelines.,Standard adult dosage (monitor renal function and for side effects).,
rifabutin,150 mg,Dosage is typically weight-based (mg/kg) or surface area-based; refer to national guidelines.,Standard adult dosage (monitor renal function and for side effects).,
rifapentine,150 mg; 300 mg,Dosage is typically weight-based (mg/kg) or surface area-based; refer to national guidelines.,Standard adult dosage (monitor renal function and for side effects).,
rotavirus vaccine,,Dosage is typically weight-based (mg/kg) or surface area-based; refer to national guidelines.,Standard adult dosage (monitor renal function and for side effects).,
rubella vaccine,,Dosage is typically weight-based (mg/kg) or surface area-based; refer to national guidelines.,Standard adult dosage (monitor renal function and for side effects).,
salicylic acid,5%,Dosage is typically weight-based (mg/kg) or surface area-based; refer to national guidelines.,Standard adult dosage (monitor renal function and for side effects).,
selenium sulfide,2%,Dosage is typically weight-based (mg/kg) or surface area-based; refer to national guidelines.,Standard adult dosage (monitor renal function and for side effects).,
silver diamine fluoride,38% w/v,Dosage is typically weight-based (mg/kg) or surface area-based; refer to national guidelines.,Standard adult dosage (monitor renal function and for side effects).,
silver sulfadiazine,1%,Dosage is typically weight-based (mg/kg) or surface area-based; refer to national guidelines.,Standard adult dosage (monitor renal function and for side effects).,
sodium calcium edetate,200 mg/mL,Dosage is typically weight-based (mg/kg) or surface area-based; refer to national guidelines.,Standard adult dosage (monitor renal function and for side effects).,
sodium nitrite,30 mg/mL,Dosage is typically weight-based (mg/kg) or surface area-based; refer to national guidelines.,Standard adult dosage (monitor renal function and for side effects).,
sodium nitroprusside,50 mg,Dosage is typically weight-based (mg/kg) or surface area-based; refer to national guidelines.,Standard adult dosage (monitor renal function and for side effects).,
sodium stibogluconate,100 mg/mL,Dosage is typically weight-based (mg/kg) or surface area-based; refer to national guidelines.,Standard adult dosage (monitor renal function and for side effects).,
sofosbuvir,200 mg; 400 mg,Dosage is typically weight-based (mg/kg) or surface area-based; refer to national guidelines.,Standard adult dosage (monitor renal function and for side effects).,
sofosbuvir + velpatasvir,400 mg + 100 mg,200 mg + 50 mg,Standard adult dosage (monitor renal function and for side effects).,
spectinomycin,2 g,Dosage is typically weight-based (mg/kg) or surface area-based; refer to national guidelines.,Standard adult dosage (monitor renal function and for side effects).,
streptokinase,1.5 million IU,Dosage is typically weight-based (mg/kg) or surface area-based; refer to national guidelines.,Standard adult dosage (monitor renal function and for side effects).,
streptomycin,1 g,Dosage is typically weight-based (mg/kg) or surface area-based; refer to national guidelines.,Standard adult dosage (monitor renal function and for side effects).,
succimer,100 mg,Dosage is typically weight-based (mg/kg) or surface area-based; refer to national guidelines.,Standard adult dosage (monitor renal function and for side effects).,
sulfadiazine,500 mg,Dosage is typically weight-based (mg/kg) or surface area-based; refer to national guidelines.,Standard adult dosage (monitor renal function and for side effects).,
sumatriptan,50 mg,Dosage is typically weight-based (mg/kg) or surface area-based; refer to national guidelines.,Standard adult dosage (monitor renal function and for side effects).,
suramin sodium,1 g,Dosage is typically weight-based (mg/kg) or surface area-based; refer to national guidelines.,Standard adult dosage (monitor renal function and for side effects).,
surfactant,,25 mg/mL or 80 mg/mL,Standard adult dosage (monitor renal function and for side effects).,
suxamethonium,50 mg/mL,Dosage is typically weight-based (mg/kg) or surface area-based; refer to national guidelines.,Standard adult dosage (monitor renal function and for side effects).,
tenofovir disoproxil fumarate,300 mg (equivalent to 245 mg tenofovir disoproxil),Dosage is typically weight-based (mg/kg) or surface area-based; refer to national guidelines.,Standard adult dosage (monitor renal function and for side effects).,
terbinafine,1%,Dosage is typically weight-based (mg/kg) or surface area-based; refer to national guidelines.,Standard adult dosage (monitor renal function and for side effects).,
testosterone,200 mg,Dosage is typically weight-based (mg/kg) or surface area-based; refer to national guidelines.,Standard adult dosage (monitor renal function and for side effects).,
tetanus vaccine,,Dosage is typically weight-based (mg/kg) or surface area-based; refer to national guidelines.,Standard adult dosage (monitor renal function and for side effects).,
tetracaine,0.5%,Dosage is typically weight-based (mg/kg) or surface area-based; refer to national guidelines.,Standard adult dosage (monitor renal function and for side effects).,
thalidomide,50 mg,Dosage is typically weight-based (mg/kg) or surface area-based; refer to national guidelines.,Standard adult dosage (monitor renal function and for side effects).,
thiamine,50 mg,Dosage is typically weight-based (mg/kg) or surface area-based; refer to national guidelines.,Standard adult dosage (monitor renal function and for side effects).,
tick-borne encephalitis vaccine,,Dosage is typically weight-based (mg/kg) or surface area-based; refer to national guidelines.,Standard adult dosage (monitor renal function and for side effects).,
timolol,0.25%; 0.5%,Dosage is typically weight-based (mg/kg) or surface area-based; refer to national guidelines.,Standard adult dosage (monitor renal function and for side effects).,
tioguanine,40 mg,Dosage is typically weight-based (mg/kg) or surface area-based; refer to national guidelines.,Standard adult dosage (monitor renal function and for side effects).,
tranexamic acid,100 mg/mL,Dosage is typically weight-based (mg/kg) or surface area-based; refer to national guidelines.,Standard adult dosage (monitor renal function and for side effects).,
triamcinolone hexacetonide,20 mg/mL,Dosage is typically weight-based (mg/kg) or surface area-based; refer to national guidelines.,Standard adult dosage (monitor renal function and for side effects).,
triclabendazole,250 mg,Dosage is typically weight-based (mg/kg) or surface area-based; refer to national guidelines.,Standard adult dosage (monitor renal function and for side effects).,
typhoid vaccine,,Dosage is typically weight-based (mg/kg) or surface area-based; refer to national guidelines.,Standard adult dosage (monitor renal function and for side effects).,
ulipristal,30 mg,Dosage is typically weight-based (mg/kg) or surface area-based; refer to national guidelines.,Standard adult dosage (monitor renal function and for side effects).,
urea,5%; 10%,Dosage is typically weight-based (mg/kg) or surface area-based; refer to national guidelines.,Standard adult dosage (monitor renal function and for side effects).,
varicella vaccine,,Dosage is typically weight-based (mg/kg) or surface area-based; refer to national guidelines.,Standard adult dosage (monitor renal function and for side effects).,
vecuronium,10 mg,Dosage is typically weight-based (mg/kg) or surface area-based; refer to national guidelines.,Standard adult dosage (monitor renal function and for side effects).,
whole blood,,Dosage is typically weight-based (mg/kg) or surface area-based; refer to national guidelines.,Standard adult dosage (monitor renal function and for side effects).,
yellow fever vaccine,,Dosage is typically weight-based (mg/kg) or surface area-based; refer to national guidelines.,Standard adult dosage (monitor renal function and for side effects).,
zinc sulfate,,20 mg,Standard adult dosage (monitor renal function and for side effects).,
