drug1,drug2,drug3,severity_level,description,recommendation,clinical_significance,mechanism
amiodarone,digoxin,N/A,High,Amiodarone inhibits digoxin clearance significantly increasing digoxin serum concentration and toxicity risk,Reduce digoxin dose by 30-50% immediately,Monitor serum digoxin levels and ECG closely (for arrhythmias),Life-threatening cardiac arrhythmias (digitalis toxicity)
warfarin,metronidazole,N/A,High,Metronidazole inhibits warfarin metabolism causing a sudden marked increase in INR and bleeding risk,Reduce warfarin dose by 30-50% immediately,Monitor INR daily for the first week,High risk of major hemorrhage (e
warfarin,ciprofloxacin,N/A,High,Ciprofloxacin inhibits warfarin metabolism leading to increased INR and bleeding risk,Monitor INR frequently (every 1-3 days) upon starting/stopping ciprofloxacin,Adjust warfarin dose as needed,Increased risk of major bleeding
enalapril,spironolactone,N/A,High,Combination of an ACE inhibitor (Enalapril) and a potassium-sparing diuretic (Spironolactone) causes additive potassium retention,Avoid combination,If absolutely necessary monitor serum potassium levels frequently (weekly then monthly),Severe hyperkalemia which can lead to fatal cardiac arrhythmias
levothyroxine,ferrous salt,N/A,Medium,Oral iron supplements can chelate with levothyroxine in the gut significantly reducing its absorption and efficacy,Separate administration by at least 4 hours,Monitor TSH levels for signs of hypothyroidism,Risk of therapeutic failure of levothyroxine leading to clinical hypothyroidism
levothyroxine,calcium,N/A,Medium,Oral calcium supplements (Calcium Gluconate) can impair levothyroxine absorption,Separate administration by at least 4 hours,Monitor TSH levels,Reduced efficacy of levothyroxine
levothyroxine,carbamazepine,N/A,Medium,Carbamazepine is a hepatic enzyme inducer increasing the breakdown of levothyroxine,Increase levothyroxine dosage and monitor TSH levels 2-4 weeks after starting Carbamazepine,Risk of hypothyroidism and subsequent complications,Carbamazepine induces the activity of UDP-glucuronosyltransferases (UGTs) increasing levothyroxine clearance
carbamazepine,valproic acid,N/A,High,Valproic acid inhibits the metabolism of the active carbamazepine metabolite (CBZ-E) increasing its concentration and toxicity risk,Monitor CBZ and CBZ-E levels,Reduce CBZ dose,Observe for CNS toxicity (ataxia sedation)
lamotrigine,valproic acid,N/A,High,Valproic acid severely inhibits lamotrigine metabolism dramatically increasing its plasma concentration and risk of severe rash,Use a low starting dose of lamotrigine and titrate very slowly,Monitor for rash and hypersensitivity,High risk of severe dermatologic reactions (e
phenobarbital,valproic acid,N/A,High,Valproic acid inhibits phenobarbital clearance significantly elevating phenobarbital levels,Reduce phenobarbital dose by 30-50% immediately upon starting valproic acid,Monitor phenobarbital levels and for CNS sedation,Severe CNS depression (excessive sedation respiratory depression)
phenytoin,valproic acid,N/A,Medium,Valproic acid displaces phenytoin from plasma proteins (increasing free fraction) and inhibits its metabolism,Monitor total and free phenytoin levels,Adjust phenytoin dose based on free concentration,Phenytoin toxicity (atataxia nystagmus) despite a seemingly therapeutic total level
ibuprofen,acetylsalicylic acid,N/A,Medium,Ibuprofen can interfere with the irreversible anti-platelet effect of low-dose aspirin,Avoid chronic simultaneous use,Take Ibuprofen at least 8 hours before or 30 minutes after immediate-release aspirin,Reduced cardioprotective effect of aspirin in high-risk patients
ibuprofen,warfarin,N/A,Medium,Ibuprofen increases the risk of GI bleeding and may displace warfarin from protein binding,Avoid combination,If necessary use short-term therapy with GI prophylaxis (Omeprazole) and monitor INR,Increased risk of major GI bleeding/hemostasis impairment
dexamethasone,ibuprofen,N/A,Medium,Corticosteroids (Dexamethasone) increase the risk of GI ulceration and bleeding when combined with NSAIDs,Use lowest effective doses and shortest duration,Consider concomitant gastroprotective therapy (Omeprazole),Increased risk of GI ulceration and bleeding
bisoprolol,salbutamol,N/A,Medium,Non-selective beta-blockers (Bisoprolol at higher doses) can reduce the bronchodilator effect of inhaled Salbutamol (beta-2 agonist),Avoid non-selective beta-blockers in patients with asthma/COPD,If used monitor respiratory status closely,Reduced efficacy of rescue bronchodilator potentially worsening asthma/COPD
verapamil,bisoprolol,N/A,High,Verapamil (non-DHP CCB) and Bisoprolol (beta-blocker) have additive negative effects on heart rate and conduction,Avoid combination,If unavoidable use extremely low doses and monitor ECG/HR closely,Risk of severe bradycardia AV block and heart failure
sulfamethoxazole + trimethoprim,warfarin,N/A,High,Co-trimoxazole significantly inhibits warfarin metabolism causing a marked increase in INR and bleeding risk,Reduce warfarin dose by 30-50% immediately,Monitor INR daily for the first week,High risk of major hemorrhage
sulfamethoxazole + trimethoprim,methotrexate,N/A,High,Significant risk of severe sometimes fatal bone marrow suppression,Contraindicated for non-essential use,If unavoidable reduce MTX dose and monitor CBC and folate status frequently,Fatal myelosuppression and megaloblastic anemia
ritonavir,rifampicin,N/A,High,Rifampicin induces the metabolism of Ritonavir and Lopinavir/Ritonavir drastically reducing their plasma concentrations below therapeutic levels,Avoid combination,Substitute Rifabutin for Rifampicin,If Lopinavir/Ritonavir must be used increase the ARV dose significantly and monitor viral load
dextran 70,warfarin,N/A,Medium,Dextran can interfere with platelet function and blood coagulation adding to the anticoagulant effect of warfarin,Use cautiously,Monitor for bleeding especially during and immediately after infusion,Increased risk of bleeding
ondansetron,fluoxetine,N/A,Medium,Both are serotonergic agents,Combination increases the risk of Serotonin Syndrome,Use with caution,Monitor for signs of Serotonin Syndrome (agitation hyperreflexia fever)
midazolam,carbamazepine,N/A,High,Carbamazepine induces Midazolam metabolism causing treatment failure for Midazolam,Avoid combination if possible,A large dose increase of Midazolam is required (up to 5-fold) if concurrent use is unavoidable,Failure to achieve sedation or anticonvulsant effect
midazolam,azithromycin,N/A,Medium,Azithromycin inhibits midazolam metabolism increasing midazolam concentration,Monitor for increased sedation and respiratory depression,A midazolam dose reduction may be needed,Risk of prolonged sedation and respiratory depression
chloramphenicol,phenytoin,N/A,High,Chloramphenicol inhibits the metabolism of phenytoin leading to dangerously high phenytoin levels,Reduce phenytoin dose by up to 50% immediately,Monitor total and free phenytoin levels closely,High risk of severe phenytoin toxicity (ataxia coma seizures)
enalapril,spironolactone,potassium chloride,High,Triple combination of RAAS blockers (ACEi + K-sparing diuretic) plus direct potassium supplementation (KCl) leads to severe hyperkalemia,ABSOLUTELY CONTRAINDICATED,Avoid,If K-sparing agents are necessary withhold KCl and monitor serum K+ aggressively
digoxin,verapamil,amiodarone,High,Verapamil and Amiodarone both inhibit digoxin clearance leading to massive digoxin accumulation,Reduce digoxin dose by 50-75% immediately,Monitor digoxin levels and ECG continuously,Highest risk of life-threatening digitalis toxicity and severe conduction block
prednisolone,clopidogrel,omeprazole,High,Prednisolone and Clopidogrel increase bleeding risk,Omeprazole reduces Clopidogrel effectiveness,Avoid Omeprazole (substitute Ranitidine),Monitor for GI bleeding (risk from Prednisolone/Clopidogrel) and efficacy failure (Omeprazole)
enalapril,ibuprofen,hydrochlorothiazide,High,Triple combination (ACEi + NSAID + Diuretic) severely impairs renal function (The Triple Whammy),ABSOLUTELY CONTRAINDICATED,Avoid in the elderly/volume-depleted,Monitor renal function/K+ aggressively
quinine,warfarin,N/A,High,Quinine inhibits warfarin metabolism increasing INR and bleeding risk,Reduce warfarin dose by 30-50%,Monitor INR closely,High risk of hemorrhage
itraconazole,simvastatin,N/A,High,Itraconazole inhibits Simvastatin metabolism leading to greatly increased Simvastatin levels,Avoid combination,If needed use a non-interacting statin (not on list) or monitor CK/muscle symptoms aggressively (not advised),High risk of Rhabdomyolysis and severe muscle toxicity
allopurinol,azathioprine,N/A,High,Allopurinol inhibits the metabolism of Azathioprine (and its active metabolite 6-mercaptopurine),Reduce Azathioprine dose by 75% immediately,Monitor CBC closely for myelosuppression,Fatal myelosuppression and bone marrow failure
lithium carbonate,ibuprofen,N/A,High,Ibuprofen reduces renal clearance of Lithium causing a rapid increase in serum Lithium concentration,Avoid NSAIDs,Substitute with Paracetamol,If unavoidable reduce Lithium dose by 30-50% and monitor levels closely
haloperidol,fluoxetine,N/A,Medium,Fluoxetine inhibits Haloperidol metabolism increasing Haloperidol plasma concentration and risk of side effects,Reduce Haloperidol dose,Monitor for QTc prolongation and extrapyramidal symptoms (EPS),Increased risk of QTc prolongation and cardiotoxicity; increased EPS
halothane,epinephrine (adrenaline),N/A,High,Halothane sensitizes the myocardium to catecholamines (Epinephrine),Avoid or use minimal doses of Epinephrine with Halothane,Monitor for arrhythmias,High risk of ventricular arrhythmias/fibrillation
amiodarone,warfarin,N/A,High,Amiodarone inhibits warfarin metabolism significantly increasing INR and bleeding risk,Reduce warfarin dose by 30-50% immediately,Monitor INR closely,High risk of hemorrhage
ritonavir,dexamethasone,N/A,High,Ritonavir inhibits Dexamethasone metabolism increasing its plasma concentration,Reduce Dexamethasone dose significantly,Monitor for Cushing's syndrome,Risk of severe Cushing's syndrome/adrenal suppression
phenytoin,carbamazepine,N/A,High,Both are potent enzyme inducers and they can increase each other's metabolism leading to reduced serum levels and seizure risk,Monitor total and free levels of both drugs closely when adding or removing either drug,Risk of therapeutic failure and increased seizure frequency,Mutual induction of hepatic enzymes (CYP3A4 CYP2C9)
methadone,carbamazepine,N/A,High,Carbamazepine induces Methadone metabolism decreasing its plasma concentration,Increase Methadone dose significantly,Monitor for signs of opioid withdrawal,Opioid withdrawal and failure of substitution therapy
methadone,ritonavir,N/A,High,Ritonavir induces Methadone metabolism decreasing its plasma concentration,Increase Methadone dose significantly,Monitor for signs of opioid withdrawal,Opioid withdrawal and failure of substitution therapy
carbamazepine,levonorgestrel-releasing implant,N/A,High,Carbamazepine induces Levonorgestrel metabolism causing contraceptive failure,Recommend non-hormonal IUD (Copper-containing device) or another highly effective non-interacting method,Risk of unintended pregnancy,CYP3A4 induction
hydroxycarbamide (hydroxyurea),zidovudine,N/A,High,Both drugs cause myelosuppression and their combination is highly toxic,Avoid combination,If necessary monitor CBC and for pancreatitis aggressively,Severe life-threatening myelosuppression and pancreatitis
furosemide,amikacin,N/A,High,Furosemide can enhance the ototoxicity of Amikacin (aminoglycoside),Avoid co-administration,Monitor hearing/vestibular function closely,Irreversible ototoxicity (hearing loss)
quinine,levofloxacin,N/A,High,Both drugs prolong the QTc interval,Avoid combination,Monitor ECG/QTc closely,Fatal cardiac arrhythmia (Torsades de Pointes)
digoxin,quinine,N/A,High,Quinine inhibits digoxin clearance increasing its plasma concentration,Reduce digoxin dose by up to 50%,Monitor digoxin levels and ECG closely,High risk of digitalis toxicity
amiodarone,quinine,N/A,High,Both drugs prolong the QTc interval leading to a high risk of Torsades de Pointes,Avoid combination,If unavoidable monitor ECG for QTc prolongation,Fatal cardiac arrhythmia (Torsades de Pointes)
ritonavir,itraconazole,N/A,High,Ritonavir significantly increases Itraconazole levels (and vice versa),High levels of both increase toxicity and cardiotoxicity risk,Reduce the dose of Itraconazole,Monitor for QTc prolongation and signs of hepatotoxicity
phenytoin,rifampicin,N/A,High,Rifampicin induces the metabolism of Phenytoin significantly reducing its plasma concentration,Increase Phenytoin dose significantly,Monitor Phenytoin levels closely,Loss of seizure control/therapeutic failure
metoprolol (in combo),fluoxetine,N/A,High,Fluoxetine inhibits Metoprolol metabolism increasing its plasma concentration,Reduce Metoprolol dose,Monitor HR/BP closely for bradycardia/hypotension,Severe bradycardia and hypotension
clopidogrel,fluoxetine,N/A,Medium,Fluoxetine inhibits Clopidogrel activation (prodrug),Avoid combination,Substitute with non-interacting SSRI (not on list) or monitor for efficacy failure,Reduced anti-platelet effect and increased risk of thrombosis
itraconazole,carbamazepine,N/A,High,Carbamazepine induces Itraconazole metabolism significantly reducing its plasma concentration,Avoid combination,If necessary use high doses of Itraconazole and monitor its levels,Itraconazole therapeutic failure (e
methotrexate,ibuprofen,N/A,High,Ibuprofen reduces the renal clearance of Methotrexate (MTX) increasing its serum concentration,Avoid NSAIDs during MTX therapy,Substitute with Paracetamol,Monitor MTX levels and signs of toxicity aggressively
diazepam,ritonavir,N/A,High,Ritonavir inhibits Diazepam metabolism increasing its concentration,Reduce Diazepam dose immediately,Monitor for excessive sedation,Severe sedation and CNS effects
amlodipine,simvastatin,itraconazole,High,Itraconazole inhibits Amlodipine and Simvastatin metabolism greatly increasing their concentrations,Avoid combination,Substitute non-interacting agents,Severe Rhabdomyolysis AND severe hypotension/edema
allopurinol,cyclophosphamide,N/A,High,Allopurinol inhibits Cyclophosphamide metabolism (to inactive metabolites) increasing its active metabolites' toxicity,Reduce Cyclophosphamide dose,Monitor myelosuppression aggressively,Life-threatening myelosuppression and bone marrow failure
clopidogrel,omeprazole,N/A,High,Omeprazole reduces the activation of the prodrug Clopidogrel leading to decreased anti-platelet effect,Avoid Omeprazole; substitute with Ranitidine or avoid PPI,Monitor for cardiovascular events,Risk of cardiovascular event (thrombosis)
warfarin,phenobarbital,N/A,High,Phenobarbital induces warfarin metabolism decreasing its effect,Increase warfarin dose significantly,Monitor INR closely especially upon discontinuing Phenobarbital,Risk of therapeutic failure and thrombosis/clotting
dapsone,rifampicin,N/A,High,Rifampicin induces Dapsone metabolism significantly reducing Dapsone levels,Increase Dapsone dose significantly,Monitor for leprosy relapse/treatment failure,Reduced Dapsone efficacy and treatment failure
metronidazole,diazepam,N/A,Medium,Metronidazole inhibits Diazepam metabolism increasing its concentration,Monitor for increased sedation,Reduce Diazepam dose,Increased sedation and CNS effects
phenytoin,fluoxetine,N/A,High,Fluoxetine inhibits the metabolism of Phenytoin leading to elevated Phenytoin levels,Reduce Phenytoin dose immediately,Monitor total and free Phenytoin levels closely,Risk of severe Phenytoin toxicity (ataxia coma)
amoxicillin + clavulanic acid,allopurinol,N/A,Medium,Allopurinol increases the risk of skin rash with Aminopenicillins (Amoxicillin),Avoid combination if there is a history of Amoxicillin rash,Monitor for rash onset,Increased risk of severe maculopapular rash
digoxin,furosemide,N/A,Medium,Furosemide (diuretic) can cause hypokalemia (low potassium) which sensitizes the myocardium to digoxin increasing the risk of digoxin toxicity,Monitor serum potassium levels frequently,Supplement potassium if necessary,Monitor for signs of digoxin toxicity
carbamazepine,phenytoin,lamotrigine,High,Complex mutual induction of all three drugs,CBZ and PHT induce LM metabolism (reduce LM levels),LM increases CBZ-E and PHT levels,Avoid all three
methotrexate,sulfasalazine,N/A,Medium,Sulfasalazine may increase the concentration of Methotrexate (MTX),Monitor MTX levels and for signs of MTX toxicity,Increased risk of MTX toxicity,Sulfasalazine displaces MTX from protein binding and/or competes for renal excretion
phenytoin,dexamethasone,N/A,High,Phenytoin induces Dexamethasone metabolism reducing its plasma concentration,Increase Dexamethasone dose significantly,Monitor for therapeutic failure,Dexamethasone therapeutic failure
carbamazepine,phenytoin,N/A,High,Both are potent enzyme inducers and they can increase each other's metabolism leading to reduced serum levels and seizure risk,Monitor total and free levels of both drugs closely when adding or removing either drug,Risk of therapeutic failure and increased seizure frequency,Mutual induction of hepatic enzymes (CYP3A4 CYP2C9)
metformin,hydrochlorothiazide,N/A,Medium,HCTZ (Diuretic) may worsen glucose tolerance partially counteracting the effect of Metformin,Monitor blood glucose,May require a minor Metformin dose adjustment,Hyperglycemia/loss of glycemic control
amiodarone,quinine,verapamil,High,Triple combination of QTc prolonging and AV blocking drugs,ABSOLUTELY CONTRAINDICATED,Avoid,Monitor ECG/QTc/HR continuously
methotrexate,sulfamethoxazole + trimethoprim,prednisolone,High,Co-trimoxazole causes severe myelosuppression with MTX,Prednisolone adds bleeding/immunosuppression risk,ABSOLUTELY CONTRAINDICATED,Use alternative agents
enalapril,losartan,N/A,High,Combination of two RAAS blockers (ACEi + ARB) provides no additional benefit but significantly increases the risk of hyperkalemia and renal failure (Dual RAAS Blockade),Absolutely avoid combination (Contraindicated),Acute kidney injury hyperkalemia and hypotension,Additive RAAS suppression
quinine,warfarin,acetylsalicylic acid,High,Quinine and Aspirin additively increase bleeding risk with Warfarin,ABSOLUTELY CONTRAINDICATED,Avoid,Monitor INR/bleeding aggressively if unavoidable
metoprolol (in combo),fluoxetine,N/A,High,Fluoxetine inhibits Metoprolol metabolism increasing its plasma concentration,Reduce Metoprolol dose,Monitor HR/BP closely for bradycardia/hypotension,Severe bradycardia and hypotension
clopidogrel,fluoxetine,N/A,Medium,Fluoxetine inhibits Clopidogrel activation (prodrug),Avoid combination,Substitute with non-interacting SSRI (not on list) or monitor for efficacy failure,Reduced anti-platelet effect and increased risk of thrombosis
itraconazole,carbamazepine,N/A,High,Carbamazepine induces Itraconazole metabolism significantly reducing its plasma concentration,Avoid combination,If necessary use high doses of Itraconazole and monitor its levels,Itraconazole therapeutic failure (e
warfarin,phenobarbital,N/A,High,Phenobarbital induces warfarin metabolism decreasing its effect,Increase warfarin dose significantly,Monitor INR closely especially upon discontinuing Phenobarbital,Risk of therapeutic failure and thrombosis/clotting
dapsone,rifampicin,N/A,High,Rifampicin induces Dapsone metabolism significantly reducing Dapsone levels,Increase Dapsone dose significantly,Monitor for leprosy relapse/treatment failure,Reduced Dapsone efficacy and treatment failure
metronidazole,diazepam,N/A,Medium,Metronidazole inhibits Diazepam metabolism increasing its concentration,Monitor for increased sedation,Reduce Diazepam dose,Increased sedation and CNS effects
phenytoin,fluoxetine,N/A,High,Fluoxetine inhibits the metabolism of Phenytoin leading to elevated Phenytoin levels,Reduce Phenytoin dose immediately,Monitor total and free Phenytoin levels closely,Risk of severe Phenytoin toxicity (ataxia coma)
amoxicillin + clavulanic acid,allopurinol,N/A,Medium,Allopurinol increases the risk of skin rash with Aminopenicillins (Amoxicillin),Avoid combination if there is a history of Amoxicillin rash,Monitor for rash onset,Increased risk of severe maculopapular rash
enalapril,potassium chloride,N/A,High,Enalapril retains potassium; direct K+ supplementation adds further potassium,Avoid routine K+ supplementation,Monitor serum potassium closely,Severe hyperkalemia
phenobarbital,warfarin,acetylsalicylic acid,High,Phenobarbital reduces Warfarin effect (clotting risk),Aspirin increases bleeding risk,Antagonistic and additive risks,Avoid all three
methadone,fluoxetine,N/A,Medium,Fluoxetine inhibits Methadone metabolism increasing its concentration,Reduce Methadone dose,Monitor for sedation and QTc prolongation,Increased risk of sedation and QTc prolongation
furosemide,phenytoin,N/A,Low,Phenytoin may slightly reduce Furosemide's diuretic effect,Monitor for signs of fluid overload,Generally non-significant,Minor reduction in diuretic effect
itraconazole,prednisolone,N/A,Medium,Itraconazole inhibits Prednisolone metabolism increasing its concentration,Reduce Prednisolone dose and monitor for Cushing's syndrome,Risk of steroid-related side effects,CYP3A4 inhibition
allopurinol,azathioprine,methotrexate,High,Allopurinol increases Azathioprine toxicity (fatal myelosuppression),MTX adds to immunosuppression/myelosuppression,ABSOLUTELY CONTRAINDICATED,Must avoid all three together
ondansetron,codeine,N/A,Low,Additive CNS depression/sedation,Monitor for increased sedation,Increased sedation,Additive CNS depression
itraconazole,verapamil,N/A,Medium,Itraconazole inhibits Verapamil metabolism increasing its concentration,Reduce Verapamil dose,Monitor HR/BP closely,Risk of severe bradycardia and hypotension
carbamazepine,ethinylestradiol + levonorgestrel,N/A,High,Carbamazepine induces contraceptive metabolism rendering oral hormonal contraceptives ineffective,Recommend using an alternative non-hormonal or higher-dose contraceptive method,Risk of unintended pregnancy,Carbamazepine is a potent CYP3A4 enzyme inducer increasing the breakdown of the oral hormonal contraceptives
clopidogrel,omeprazole,N/A,High,Omeprazole reduces the activation of the prodrug Clopidogrel leading to decreased anti-platelet effect,Avoid Omeprazole; substitute with Ranitidine or avoid PPI,Monitor for cardiovascular events,Risk of cardiovascular event (thrombosis)
amlodipine,simvastatin,N/A,Low/Medium,Amlodipine weakly inhibits CYP3A4 slightly increasing simvastatin levels,Monitor for myopathy (muscle pain) when starting amlodipine,Dose adjustment of simvastatin may be needed,Increased risk of myopathy
ritonavir,dexamethasone,N/A,High,Ritonavir inhibits Dexamethasone metabolism increasing its plasma concentration,Reduce Dexamethasone dose significantly,Monitor for Cushing's syndrome,Risk of severe Cushing's syndrome/adrenal suppression
phenytoin,fluoxetine,N/A,High,Fluoxetine inhibits the metabolism of Phenytoin leading to elevated Phenytoin levels,Reduce Phenytoin dose immediately,Monitor total and free Phenytoin levels closely,Risk of severe Phenytoin toxicity (atataxia coma)
metronidazole,alcohol based hand rub (Ethanol),N/A,High,Metronidazole causes a disulfiram-like reaction (flushing tachycardia nausea/vomiting) when combined with ethanol (even topical/trace amounts),Advise patient to strictly avoid all forms of alcohol for the duration of therapy and for 3 days after,Severe physical distress hypotension and potential emergency visit,Metronidazole inhibits aldehyde dehydrogenase causing acetaldehyde accumulation
verapamil,digoxin,N/A,High,Verapamil significantly inhibits the clearance of digoxin leading to elevated serum digoxin levels and increased toxicity risk,Reduce the digoxin dose by 30-50% upon starting verapamil,Monitor serum digoxin levels and ECG closely,Significant risk of digitalis toxicity and potential for cardiac conduction abnormalities
propofol,fentanyl,N/A,Medium,Additive CNS and cardiorespiratory depression,Reduce doses of both anesthetics/sedatives when combining,Monitor vital signs continuously,Profound sedation respiratory depression and hypotension
rifampicin,levothyroxine,N/A,High,Rifampicin induces the metabolism of Levothyroxine reducing its plasma concentration,Increase Levothyroxine dose significantly,Monitor TSH levels closely,Hypothyroidism/therapeutic failure
amiodarone,phenytoin,N/A,High,Amiodarone inhibits Phenytoin metabolism increasing Phenytoin concentration,Reduce Phenytoin dose by 25-50% immediately,Monitor Phenytoin levels closely,Severe Phenytoin toxicity
allopurinol,cyclophosphamide,N/A,High,Allopurinol inhibits Cyclophosphamide metabolism (to inactive metabolites) increasing its active metabolites' toxicity,Reduce Cyclophosphamide dose,Monitor myelosuppression aggressively,Life-threatening myelosuppression and bone marrow failure
metronidazole,warfarin,acetylsalicylic acid,High,Metronidazole increases Warfarin effect,Aspirin adds anti-platelet risk,ABSOLUTELY CONTRAINDICATED,Avoid
phenytoin,valproic acid,carbamazepine,High,Complex mutual induction and inhibition leading to unpredictable levels and toxicity risk for all three,Avoid all three,If unavoidable require aggressive monitoring of all three drug levels,Loss of seizure control AND risk of toxicity
lidocaine,propranolol,N/A,Medium,Propranolol reduces hepatic blood flow decreasing Lidocaine clearance increasing its plasma concentration,Reduce Lidocaine infusion rate/dose,Monitor for CNS and cardiac toxicity,Increased risk of Lidocaine toxicity (seizures cardiac arrest)
amoxicillin + clavulanic acid,warfarin,clopidogrel,High,Antibiotic + dual antiplatelet/anticoagulant therapy,ABSOLUTELY CONTRAINDICATED,Avoid,Monitor INR/bleeding aggressively
phenobarbital,warfarin,N/A,High,Phenobarbital induces warfarin metabolism decreasing its effect,Increase warfarin dose significantly,Monitor INR closely especially upon discontinuing Phenobarbital,Risk of therapeutic failure and thrombosis/clotting
dapsone,rifampicin,N/A,High,Rifampicin induces Dapsone metabolism significantly reducing Dapsone levels,Increase Dapsone dose significantly,Monitor for leprosy relapse/treatment failure,Reduced Dapsone efficacy and treatment failure
metronidazole,diazepam,N/A,Medium,Metronidazole inhibits Diazepam metabolism increasing its concentration,Monitor for increased sedation,Reduce Diazepam dose,Increased sedation and CNS effects
phenytoin,fluoxetine,N/A,High,Fluoxetine inhibits the metabolism of Phenytoin leading to elevated Phenytoin levels,Reduce Phenytoin dose immediately,Monitor total and free Phenytoin levels closely,Risk of severe Phenytoin toxicity (ataxia coma)
amoxicillin + clavulanic acid,allopurinol,N/A,Medium,Allopurinol increases the risk of skin rash with Aminopenicillins (Amoxicillin),Avoid combination if there is a history of Amoxicillin rash,Monitor for rash onset,Increased risk of severe maculopapular rash
enalapril,potassium chloride,N/A,High,Enalapril retains potassium; direct K+ supplementation adds further potassium,Avoid routine K+ supplementation,Monitor serum potassium closely,Severe hyperkalemia
methadone,fluoxetine,N/A,Medium,Fluoxetine inhibits Methadone metabolism increasing its concentration,Reduce Methadone dose,Monitor for sedation and QTc prolongation,Increased risk of sedation and QTc prolongation
itraconazole,prednisolone,N/A,Medium,Itraconazole inhibits Prednisolone metabolism increasing its concentration,Reduce Prednisolone dose and monitor for Cushing's syndrome,Risk of steroid-related side effects,CYP3A4 inhibition
digoxin,furosemide,N/A,Medium,Furosemide (diuretic) can cause hypokalemia (low potassium) which sensitizes the myocardium to digoxin increasing the risk of digoxin toxicity,Monitor serum potassium levels frequently,Supplement potassium if necessary,Monitor for signs of digoxin toxicity
carbamazepine,lamotrigine,N/A,High,Carbamazepine induces Lamotrigine metabolism reducing its plasma concentration,Increase Lamotrigine dose significantly,Monitor Lamotrigine levels closely,Loss of seizure control/therapeutic failure
amoxicillin + clavulanic acid,methotrexate,dexamethasone,High,Antibiotic increases MTX levels,Dexamethasone adds to immunosuppression/ulcer risk,Avoid combination if possible,Aggressively monitor MTX levels and CBC
lidocaine,amiodarone,N/A,High,Both are antiarrhythmics with additive effects on cardiac conduction,Avoid combination,Monitor ECG and for proarrhythmic effects,Increased risk of proarrhythmia (worsening arrhythmias) and AV block
quinine,carbamazepine,rifampicin,High,Carbamazepine and Rifampicin both induce Quinine metabolism,ABSOLUTELY CONTRAINDICATED,Avoid,Antimalarial treatment failure
verapamil,atenolol (in combo),digoxin,High,Verapamil and Atenolol cause additive bradycardia/AV block,Verapamil also increases Digoxin concentration,Absolutely avoid combination,Reduce Digoxin and switch Verapamil/Atenolol to a safer alternative
levofloxacin,prednisolone,dexamethasone,Medium,All three drugs increase the risk of tendon rupture,Avoid this combination in at-risk patients,Monitor closely for tendon pain/swelling,Increased risk of Achilles tendon rupture
metformin,ranitidine,N/A,Low,Ranitidine may slightly increase Metformin absorption/bioavailability,Monitor blood glucose,Generally non-significant,Slight risk of hypoglycemia
ritonavir,itraconazole,amiodarone,High,Ritonavir and Itraconazole increase each other's levels (CYP3A4 inhibition),Amiodarone is also affected increasing QTc risk,ABSOLUTELY CONTRAINDICATED,Use alternative agents
ondansetron,amiodarone,N/A,Medium,Both prolong the QTc interval,Avoid combination in patients with pre-existing heart conditions,Monitor ECG/QTc,Risk of Torsades de Pointes
itraconazole,digoxin,N/A,High,Itraconazole inhibits digoxin clearance increasing digoxin concentration,Reduce digoxin dose by 30-50%,Monitor digoxin levels and ECG closely,Risk of digitalis toxicity
allopurinol,mercaptopurine,N/A,High,Allopurinol inhibits the metabolism of the active cytotoxic agent Mercaptopurine,Reduce Mercaptopurine dose by 75% immediately,Monitor CBC closely,Fatal myelosuppression and bone marrow failure
phenytoin,amiodarone,warfarin,High,Amiodarone increases Phenytoin and Warfarin concentrations,Phenytoin induces Amiodarone metabolism,Avoid this triple combination,If unavoidable monitor ALL three drug levels/INR aggressively
verapamil,digoxin,simvastatin,High,Verapamil increases Digoxin concentration and inhibits Simvastatin metabolism,Reduce Digoxin and Simvastatin doses immediately,Monitor HR ECG Digoxin levels and CK/muscle symptoms,Digitalis toxicity AND Rhabdomyolysis
propofol,fentanyl,midazolam,High,Triple combination of sedatives/anesthetics leads to severe synergistic CNS and respiratory depression,ABSOLUTELY CONTRAINDICATED,Use minimal doses and monitor vital signs continuously for rapid intervention,Profound respiratory depression coma and death
itraconazole,simvastatin,N/A,High,Itraconazole inhibits Simvastatin metabolism leading to greatly increased Simvastatin levels,Avoid combination,If needed use a non-interacting statin (not on list) or monitor CK/muscle symptoms aggressively (not advised),High risk of Rhabdomyolysis and severe muscle toxicity
quinine,warfarin,N/A,High,Quinine inhibits warfarin metabolism increasing INR and bleeding risk,Reduce warfarin dose by 30-50%,Monitor INR closely,High risk of hemorrhage
clopidogrel,acetylsalicylic acid,N/A,High,Combination of two anti-platelet agents,Monitor for GI bleeding,Use gastroprotection (Ranitidine) for patients with risk factors,High risk of major GI bleeding
ritonavir,dexamethasone,N/A,High,Ritonavir inhibits Dexamethasone metabolism increasing its plasma concentration,Reduce Dexamethasone dose significantly,Monitor for Cushing's syndrome,Risk of severe Cushing's syndrome/adrenal suppression
amiodarone,warfarin,N/A,High,Amiodarone inhibits warfarin metabolism significantly increasing INR and bleeding risk,Reduce warfarin dose by 30-50% immediately,Monitor INR closely,High risk of hemorrhage
ritonavir,rifampicin,N/A,High,Rifampicin induces the metabolism of Ritonavir and Lopinavir/Ritonavir drastically reducing their plasma concentrations below therapeutic levels,Avoid combination,Substitute Rifabutin for Rifampicin,If Lopinavir/Ritonavir must be used increase the ARV dose significantly and monitor viral load
dapsone,rifampicin,N/A,High,Rifampicin induces Dapsone metabolism significantly reducing Dapsone levels,Increase Dapsone dose significantly,Monitor for leprosy relapse/treatment failure,Reduced Dapsone efficacy and treatment failure
phenytoin,carbamazepine,N/A,High,Both are potent enzyme inducers and they can increase each other's metabolism leading to reduced serum levels and seizure risk,Monitor total and free levels of both drugs closely when adding or removing either drug,Risk of therapeutic failure and increased seizure frequency,Mutual induction of hepatic enzymes (CYP3A4 CYP2C9)
methadone,carbamazepine,N/A,High,Carbamazepine induces Methadone metabolism decreasing its plasma concentration,Increase Methadone dose significantly,Monitor for signs of opioid withdrawal,Opioid withdrawal and failure of substitution therapy
carbamazepine,levonorgestrel-releasing implant,N/A,High,Carbamazepine induces Levonorgestrel metabolism causing contraceptive failure,Recommend non-hormonal IUD (Copper-containing device) or another highly effective non-interacting method,Risk of unintended pregnancy,CYP3A4 induction
furosemide,amikacin,N/A,High,Furosemide can enhance the ototoxicity of Amikacin (aminoglycoside),Avoid co-administration,Monitor hearing/vestibular function closely,Irreversible ototoxicity (hearing loss)
quinine,levofloxacin,N/A,High,Both drugs prolong the QTc interval,Avoid combination,Monitor ECG/QTc closely,Fatal cardiac arrhythmia (Torsades de Pointes)
itraconazole,carbamazepine,N/A,High,Carbamazepine induces Itraconazole metabolism significantly reducing its plasma concentration,Avoid combination,If necessary use high doses of Itraconazole and monitor its levels,Itraconazole therapeutic failure (e
methotrexate,ibuprofen,N/A,High,Ibuprofen reduces the renal clearance of Methotrexate (MTX) increasing its serum concentration,Avoid NSAIDs during MTX therapy,Substitute with Paracetamol,Monitor MTX levels and signs of toxicity aggressively
diazepam,ritonavir,N/A,High,Ritonavir inhibits Diazepam metabolism increasing its concentration,Reduce Diazepam dose immediately,Monitor for excessive sedation,Severe sedation and CNS effects
amlodipine,simvastatin,itraconazole,High,Itraconazole inhibits Amlodipine and Simvastatin metabolism greatly increasing their concentrations,Avoid combination,Substitute non-interacting agents,Severe Rhabdomyolysis AND severe hypotension/edema
allopurinol,cyclophosphamide,N/A,High,Allopurinol inhibits Cyclophosphamide metabolism (to inactive metabolites) increasing its active metabolites' toxicity,Reduce Cyclophosphamide dose,Monitor myelosuppression aggressively,Life-threatening myelosuppression and bone marrow failure
clopidogrel,omeprazole,N/A,High,Omeprazole reduces the activation of the prodrug Clopidogrel leading to decreased anti-platelet effect,Avoid Omeprazole; substitute with Ranitidine or avoid PPI,Monitor for cardiovascular events,Risk of cardiovascular event (thrombosis)
warfarin,phenobarbital,N/A,High,Phenobarbital induces warfarin metabolism decreasing its effect,Increase warfarin dose significantly,Monitor INR closely especially upon discontinuing Phenobarbital,Risk of therapeutic failure and thrombosis/clotting
warfarin,metronidazole,acetylsalicylic acid,High,Metronidazole increases Warfarin effect,Aspirin adds anti-platelet risk,ABSOLUTELY CONTRAINDICATED,Avoid
quinine,warfarin,acetylsalicylic acid,High,Quinine and Aspirin additively increase bleeding risk with Warfarin,ABSOLUTELY CONTRAINDICATED,Avoid,Monitor INR/bleeding aggressively if unavoidable
levothyroxine,phenytoin,N/A,High,Phenytoin induces Levothyroxine metabolism reducing its plasma concentration,Increase Levothyroxine dose significantly,Monitor TSH levels closely,Hypothyroidism/therapeutic failure
itraconazole,simvastatin,N/A,High,Itraconazole inhibits Simvastatin metabolism leading to greatly increased Simvastatin levels,Avoid combination,If needed use a non-interacting statin (not on list) or monitor CK/muscle symptoms aggressively (not advised),High risk of Rhabdomyolysis and severe muscle toxicity
allopurinol,azathioprine,N/A,High,Allopurinol inhibits the metabolism of Azathioprine (and its active metabolite 6-mercaptopurine),Reduce Azathioprine dose by 75% immediately,Monitor CBC closely for myelosuppression,Fatal myelosuppression and bone marrow failure
phenytoin,fluoxetine,N/A,High,Fluoxetine inhibits the metabolism of Phenytoin leading to elevated Phenytoin levels,Reduce Phenytoin dose immediately,Monitor total and free Phenytoin levels closely,Risk of severe Phenytoin toxicity (ataxia coma)
amoxicillin + clavulanic acid,allopurinol,N/A,Medium,Allopurinol increases the risk of skin rash with Aminopenicillins (Amoxicillin),Avoid combination if there is a history of Amoxicillin rash,Monitor for rash onset,Increased risk of severe maculopapular rash
digoxin,furosemide,N/A,Medium,Furosemide (diuretic) can cause hypokalemia (low potassium) which sensitizes the myocardium to digoxin increasing the risk of digoxin toxicity,Monitor serum potassium levels frequently,Supplement potassium if necessary,Monitor for signs of digoxin toxicity
carbamazepine,phenytoin,lamotrigine,High,Complex mutual induction of all three drugs,CBZ and PHT induce LM metabolism (reduce LM levels),LM increases CBZ-E and PHT levels,Avoid all three
methotrexate,sulfasalazine,N/A,Medium,Sulfasalazine may increase the concentration of Methotrexate (MTX),Monitor MTX levels and for signs of MTX toxicity,Increased risk of MTX toxicity,Sulfasalazine displaces MTX from protein binding and/or competes for renal excretion
phenytoin,dexamethasone,N/A,High,Phenytoin induces Dexamethasone metabolism reducing its plasma concentration,Increase Dexamethasone dose significantly,Monitor for therapeutic failure,Dexamethasone therapeutic failure
amiodarone,quinine,verapamil,High,Triple combination of QTc prolonging and AV blocking drugs,ABSOLUTELY CONTRAINDICATED,Avoid,Monitor ECG/QTc/HR continuously
methotrexate,sulfamethoxazole + trimethoprim,prednisolone,High,Co-trimoxazole causes severe myelosuppression with MTX,Prednisolone adds bleeding/immunosuppression risk,ABSOLUTELY CONTRAINDICATED,Use alternative agents
enalapril,losartan,N/A,High,Combination of two RAAS blockers (ACEi + ARB) provides no additional benefit but significantly increases the risk of hyperkalemia and renal failure (Dual RAAS Blockade),Absolutely avoid combination (Contraindicated),Acute kidney injury hyperkalemia and hypotension,Additive RAAS suppression
quetiapine,carbamazepine,N/A,High,Carbamazepine induces Quetiapine metabolism significantly lowering its plasma concentration,Avoid combination,If necessary increase Quetiapine dose (up to 2-fold) and monitor for efficacy,Loss of antipsychotic/mood-stabilizing effect and risk of relapse
haloperidol,carbamazepine,N/A,High,Carbamazepine induces Haloperidol metabolism reducing its effectiveness,Avoid combination if necessary increase Haloperidol dose significantly,Monitor for relapse,Loss of antipsychotic effect
amlodipine,clopidogrel,N/A,Low,Amlodipine is a weak inhibitor of CYP3A4 which can mildly affect Clopidogrel activation (minor pathway),Monitor for clinical failure (thrombosis),Generally not clinically significant,Minimal risk of reduced Clopidogrel efficacy
atenolol (in combo),digoxin,N/A,Medium,Additive effects on heart rate and conduction,Monitor HR and ECG closely,Generally well-tolerated if doses are appropriate,Risk of bradycardia and AV block
enalapril,potassium chloride,N/A,High,Enalapril retains potassium; direct K+ supplementation adds further potassium,Avoid routine K+ supplementation,Monitor serum potassium closely,Severe hyperkalemia
phenobarbital,warfarin,acetylsalicylic acid,High,Phenobarbital reduces Warfarin effect (clotting risk),Aspirin increases bleeding risk,Antagonistic and additive risks,Avoid all three
methadone,fluoxetine,N/A,Medium,Fluoxetine inhibits Methadone metabolism increasing its concentration,Reduce Methadone dose,Monitor for sedation and QTc prolongation,Increased risk of sedation and QTc prolongation
furosemide,phenytoin,N/A,Low,Phenytoin may slightly reduce Furosemide's diuretic effect,Monitor for signs of fluid overload,Generally non-significant,Minor reduction in diuretic effect
itraconazole,prednisolone,N/A,Medium,Itraconazole inhibits Prednisolone metabolism increasing its concentration,Reduce Prednisolone dose and monitor for Cushing's syndrome,Risk of steroid-related side effects,CYP3A4 inhibition
allopurinol,azathioprine,methotrexate,High,Allopurinol increases Azathioprine toxicity (fatal myelosuppression),MTX adds to immunosuppression/myelosuppression,ABSOLUTELY CONTRAINDICATED,Must avoid all three together
ondansetron,codeine,N/A,Low,Additive CNS depression/sedation,Monitor for increased sedation,Increased sedation,Additive CNS depression
itraconazole,verapamil,N/A,Medium,Itraconazole inhibits Verapamil metabolism increasing its concentration,Reduce Verapamil dose,Monitor HR/BP closely,Risk of severe bradycardia and hypotension
carbamazepine,ethinylestradiol + levonorgestrel,N/A,High,Carbamazepine induces contraceptive metabolism rendering oral hormonal contraceptives ineffective,Recommend using an alternative non-hormonal or higher-dose contraceptive method,Risk of unintended pregnancy,Carbamazepine is a potent CYP3A4 enzyme inducer increasing the breakdown of the oral hormonal contraceptives
clopidogrel,omeprazole,N/A,High,Omeprazole reduces the activation of the prodrug Clopidogrel leading to decreased anti-platelet effect,Avoid Omeprazole; substitute with Ranitidine or avoid PPI,Monitor for cardiovascular events,Risk of cardiovascular event (thrombosis)
amlodipine,simvastatin,N/A,Low/Medium,Amlodipine weakly inhibits CYP3A4 slightly increasing simvastatin levels,Monitor for myopathy (muscle pain) when starting amlodipine,Dose adjustment of simvastatin may be needed,Increased risk of myopathy
ritonavir,dexamethasone,N/A,High,Ritonavir inhibits Dexamethasone metabolism increasing its plasma concentration,Reduce Dexamethasone dose significantly,Monitor for Cushing's syndrome,Risk of severe Cushing's syndrome/adrenal suppression
phenytoin,fluoxetine,N/A,High,Fluoxetine inhibits the metabolism of Phenytoin leading to elevated Phenytoin levels,Reduce Phenytoin dose immediately,Monitor total and free Phenytoin levels closely,Risk of severe Phenytoin toxicity (ataxia coma)
metronidazole,alcohol based hand rub (Ethanol),N/A,High,Metronidazole causes a disulfiram-like reaction (flushing tachycardia nausea/vomiting) when combined with ethanol (even topical/trace amounts),Advise patient to strictly avoid all forms of alcohol for the duration of therapy and for 3 days after,Severe physical distress hypotension and potential emergency visit,Metronidazole inhibits aldehyde dehydrogenase causing acetaldehyde accumulation
verapamil,digoxin,N/A,High,Verapamil significantly inhibits the clearance of digoxin leading to elevated serum digoxin levels and increased toxicity risk,Reduce the digoxin dose by 30-50% upon starting verapamil,Monitor serum digoxin levels and ECG closely,Significant risk of digitalis toxicity and potential for cardiac conduction abnormalities
propofol,fentanyl,N/A,Medium,Additive CNS and cardiorespiratory depression,Reduce doses of both anesthetics/sedatives when combining,Monitor vital signs continuously,Profound sedation respiratory depression and hypotension
rifampicin,levothyroxine,N/A,High,Rifampicin induces the metabolism of Levothyroxine reducing its plasma concentration,Increase Levothyroxine dose significantly,Monitor TSH levels closely,Hypothyroidism/therapeutic failure
amiodarone,phenytoin,N/A,High,Amiodarone inhibits Phenytoin metabolism increasing Phenytoin concentration,Reduce Phenytoin dose by 25-50% immediately,Monitor Phenytoin levels closely,Severe Phenytoin toxicity
allopurinol,cyclophosphamide,N/A,High,Allopurinol inhibits Cyclophosphamide metabolism (to inactive metabolites) increasing its active metabolites' toxicity,Reduce Cyclophosphamide dose,Monitor myelosuppression aggressively,Life-threatening myelosuppression and bone marrow failure
metronidazole,warfarin,acetylsalicylic acid,High,Metronidazole increases Warfarin effect,Aspirin adds anti-platelet risk,ABSOLUTELY CONTRAINDICATED,Avoid
phenytoin,valproic acid,carbamazepine,High,Complex mutual induction and inhibition leading to unpredictable levels and toxicity risk for all three,Avoid all three,If unavoidable require aggressive monitoring of all three drug levels,Loss of seizure control AND risk of toxicity
lidocaine,propranolol,N/A,Medium,Propranolol reduces hepatic blood flow decreasing Lidocaine clearance increasing its plasma concentration,Reduce Lidocaine infusion rate/dose,Monitor for CNS and cardiac toxicity,Increased risk of Lidocaine toxicity (seizures cardiac arrest)
amoxicillin + clavulanic acid,warfarin,clopidogrel,High,Antibiotic + dual antiplatelet/anticoagulant therapy,ABSOLUTELY CONTRAINDICATED,Avoid,Monitor INR/bleeding aggressively
phenobarbital,warfarin,N/A,High,Phenobarbital induces warfarin metabolism decreasing its effect,Increase warfarin dose significantly,Monitor INR closely especially upon discontinuing Phenobarbital,Risk of therapeutic failure and thrombosis/clotting
dapsone,rifampicin,N/A,High,Rifampicin induces Dapsone metabolism significantly reducing Dapsone levels,Increase Dapsone dose significantly,Monitor for leprosy relapse/treatment failure,Reduced Dapsone efficacy and treatment failure
metronidazole,diazepam,N/A,Medium,Metronidazole inhibits Diazepam metabolism increasing its concentration,Monitor for increased sedation,Reduce Diazepam dose,Increased sedation and CNS effects
phenytoin,fluoxetine,N/A,High,Fluoxetine inhibits the metabolism of Phenytoin leading to elevated Phenytoin levels,Reduce Phenytoin dose immediately,Monitor total and free Phenytoin levels closely,Risk of severe Phenytoin toxicity (ataxia coma)
amoxicillin + clavulanic acid,allopurinol,N/A,Medium,Allopurinol increases the risk of skin rash with Aminopenicillins (Amoxicillin),Avoid combination if there is a history of Amoxicillin rash,Monitor for rash onset,Increased risk of severe maculopapular rash
enalapril,potassium chloride,N/A,High,Enalapril retains potassium; direct K+ supplementation adds further potassium,Avoid routine K+ supplementation,Monitor serum potassium closely,Severe hyperkalemia
methadone,fluoxetine,N/A,Medium,Fluoxetine inhibits Methadone metabolism increasing its concentration,Reduce Methadone dose,Monitor for sedation and QTc prolongation,Increased risk of sedation and QTc prolongation
itraconazole,prednisolone,N/A,Medium,Itraconazole inhibits Prednisolone metabolism increasing its concentration,Reduce Prednisolone dose and monitor for Cushing's syndrome,Risk of steroid-related side effects,CYP3A4 inhibition
digoxin,furosemide,N/A,Medium,Furosemide (diuretic) can cause hypokalemia (low potassium) which sensitizes the myocardium to digoxin increasing the risk of digoxin toxicity,Monitor serum potassium levels frequently,Supplement potassium if necessary,Monitor for signs of digoxin toxicity
carbamazepine,lamotrigine,N/A,High,Carbamazepine induces Lamotrigine metabolism reducing its plasma concentration,Increase Lamotrigine dose significantly,Monitor Lamotrigine levels closely,Loss of seizure control/therapeutic failure
amoxicillin + clavulanic acid,methotrexate,dexamethasone,High,Antibiotic increases MTX levels,Dexamethasone adds to immunosuppression/ulcer risk,Avoid combination if possible,Aggressively monitor MTX levels and CBC
lidocaine,amiodarone,N/A,High,Both are antiarrhythmics with additive effects on cardiac conduction,Avoid combination,Monitor ECG and for proarrhythmic effects,Increased risk of proarrhythmia (worsening arrhythmias) and AV block
quinine,carbamazepine,rifampicin,High,Carbamazepine and Rifampicin both induce Quinine metabolism,ABSOLUTELY CONTRAINDICATED,Avoid,Antimalarial treatment failure
verapamil,atenolol (in combo),digoxin,High,Verapamil and Atenolol cause additive bradycardia/AV block,Verapamil also increases Digoxin concentration,Absolutely avoid combination,Reduce Digoxin and switch Verapamil/Atenolol to a safer alternative
levofloxacin,prednisolone,dexamethasone,Medium,All three drugs increase the risk of tendon rupture,Avoid this combination in at-risk patients,Monitor closely for tendon pain/swelling,Increased risk of Achilles tendon rupture
metformin,ranitidine,N/A,Low,Ranitidine may slightly increase Metformin absorption/bioavailability,Monitor blood glucose,Generally non-significant,Slight risk of hypoglycemia
ritonavir,itraconazole,amiodarone,High,Ritonavir and Itraconazole increase each other's levels (CYP3A4 inhibition),Amiodarone is also affected increasing QTc risk,ABSOLUTELY CONTRAINDICATED,Use alternative agents
ondansetron,amiodarone,N/A,Medium,Both prolong the QTc interval,Avoid combination in patients with pre-existing heart conditions,Monitor ECG/QTc,Risk of Torsades de Pointes
itraconazole,digoxin,N/A,High,Itraconazole inhibits digoxin clearance increasing digoxin concentration,Reduce digoxin dose by 30-50%,Monitor digoxin levels and ECG closely,Risk of digitalis toxicity
allopurinol,mercaptopurine,N/A,High,Allopurinol inhibits the metabolism of the active cytotoxic agent Mercaptopurine,Reduce Mercaptopurine dose by 75% immediately,Monitor CBC closely,Fatal myelosuppression and bone marrow failure
phenytoin,amiodarone,warfarin,High,Amiodarone increases Phenytoin and Warfarin concentrations,Phenytoin induces Amiodarone metabolism,Avoid this triple combination,If unavoidable monitor ALL three drug levels/INR aggressively
verapamil,digoxin,simvastatin,High,Verapamil increases Digoxin concentration and inhibits Simvastatin metabolism,Reduce Digoxin and Simvastatin doses immediately,Monitor HR ECG Digoxin levels and CK/muscle symptoms,Digitalis toxicity AND Rhabdomyolysis
propofol,fentanyl,midazolam,High,Triple combination of sedatives/anesthetics leads to severe synergistic CNS and respiratory depression,ABSOLUTELY CONTRAINDICATED,Use minimal doses and monitor vital signs continuously for rapid intervention,Profound respiratory depression coma and death
itraconazole,simvastatin,N/A,High,Itraconazole inhibits Simvastatin metabolism leading to greatly increased Simvastatin levels,Avoid combination,If needed use a non-interacting statin (not on list) or monitor CK/muscle symptoms aggressively (not advised),High risk of Rhabdomyolysis and severe muscle toxicity
quinine,warfarin,N/A,High,Quinine inhibits warfarin metabolism increasing INR and bleeding risk,Reduce warfarin dose by 30-50%,Monitor INR closely,High risk of hemorrhage
clopidogrel,acetylsalicylic acid,N/A,High,Combination of two anti-platelet agents,Monitor for GI bleeding,Use gastroprotection (Ranitidine) for patients with risk factors,High risk of major GI bleeding
ritonavir,dexamethasone,N/A,High,Ritonavir inhibits Dexamethasone metabolism increasing its plasma concentration,Reduce Dexamethasone dose significantly,Monitor for Cushing's syndrome,Risk of severe Cushing's syndrome/adrenal suppression
amiodarone,warfarin,N/A,High,Amiodarone inhibits warfarin metabolism significantly increasing INR and bleeding risk,Reduce warfarin dose by 30-50% immediately,Monitor INR closely,High risk of hemorrhage
ritonavir,rifampicin,N/A,High,Rifampicin induces the metabolism of Ritonavir and Lopinavir/Ritonavir drastically reducing their plasma concentrations below therapeutic levels,Avoid combination,Substitute Rifabutin for Rifampicin,If Lopinavir/Ritonavir must be used increase the ARV dose significantly and monitor viral load
dapsone,rifampicin,N/A,High,Rifampicin induces Dapsone metabolism significantly reducing Dapsone levels,Increase Dapsone dose significantly,Monitor for leprosy relapse/treatment failure,Reduced Dapsone efficacy and treatment failure
phenytoin,carbamazepine,N/A,High,Both are potent enzyme inducers and they can increase each other's metabolism leading to reduced serum levels and seizure risk,Monitor total and free levels of both drugs closely when adding or removing either drug,Risk of therapeutic failure and increased seizure frequency,Mutual induction of hepatic enzymes (CYP3A4 CYP2C9)
methadone,carbamazepine,N/A,High,Carbamazepine induces Methadone metabolism decreasing its plasma concentration,Increase Methadone dose significantly,Monitor for signs of opioid withdrawal,Opioid withdrawal and failure of substitution therapy
carbamazepine,levonorgestrel-releasing implant,N/A,High,Carbamazepine induces Levonorgestrel metabolism causing contraceptive failure,Recommend non-hormonal IUD (Copper-containing device) or another highly effective non-interacting method,Risk of unintended pregnancy,CYP3A4 induction
furosemide,amikacin,N/A,High,Furosemide can enhance the ototoxicity of Amikacin (aminoglycoside),Avoid co-administration,Monitor hearing/vestibular function closely,Irreversible ototoxicity (hearing loss)
quinine,levofloxacin,N/A,High,Both drugs prolong the QTc interval,Avoid combination,Monitor ECG/QTc closely,Fatal cardiac arrhythmia (Torsades de Pointes)
itraconazole,carbamazepine,N/A,High,Carbamazepine induces Itraconazole metabolism significantly reducing its plasma concentration,Avoid combination,If necessary use high doses of Itraconazole and monitor its levels,Itraconazole therapeutic failure (e
methotrexate,ibuprofen,N/A,High,Ibuprofen reduces the renal clearance of Methotrexate (MTX) increasing its serum concentration,Avoid NSAIDs during MTX therapy,Substitute with Paracetamol,Monitor MTX levels and signs of toxicity aggressively
diazepam,ritonavir,N/A,High,Ritonavir inhibits Diazepam metabolism increasing its concentration,Reduce Diazepam dose immediately,Monitor for excessive sedation,Severe sedation and CNS effects
amlodipine,simvastatin,itraconazole,High,Itraconazole inhibits Amlodipine and Simvastatin metabolism greatly increasing their concentrations,Avoid combination,Substitute non-interacting agents,Severe Rhabdomyolysis AND severe hypotension/edema
allopurinol,cyclophosphamide,N/A,High,Allopurinol inhibits Cyclophosphamide metabolism (to inactive metabolites) increasing its active metabolites' toxicity,Reduce Cyclophosphamide dose,Monitor myelosuppression aggressively,Life-threatening myelosuppression and bone marrow failure
clopidogrel,omeprazole,N/A,High,Omeprazole reduces the activation of the prodrug Clopidogrel leading to decreased anti-platelet effect,Avoid Omeprazole; substitute with Ranitidine or avoid PPI,Monitor for cardiovascular events,Risk of cardiovascular event (thrombosis)
warfarin,phenobarbital,N/A,High,Phenobarbital induces warfarin metabolism decreasing its effect,Increase warfarin dose significantly,Monitor INR closely especially upon discontinuing Phenobarbital,Risk of therapeutic failure and thrombosis/clotting
amoxicillin + clavulanic acid,allopurinol,N/A,Medium,Allopurinol increases the risk of skin rash with Aminopenicillins (Amoxicillin),Avoid combination if there is a history of Amoxicillin rash,Monitor for rash onset,Increased risk of severe maculopapular rash
digoxin,furosemide,N/A,Medium,Furosemide (diuretic) can cause hypokalemia (low potassium) which sensitizes the myocardium to digoxin increasing the risk of digoxin toxicity,Monitor serum potassium levels frequently,Supplement potassium if necessary,Monitor for signs of digoxin toxicity
carbamazepine,phenytoin,lamotrigine,High,Complex mutual induction of all three drugs,CBZ and PHT induce LM metabolism (reduce LM levels),LM increases CBZ-E and PHT levels,Avoid all three
methotrexate,sulfasalazine,N/A,Medium,Sulfasalazine may increase the concentration of Methotrexate (MTX),Monitor MTX levels and for signs of MTX toxicity,Increased risk of MTX toxicity,Sulfasalazine displaces MTX from protein binding and/or competes for renal excretion
phenytoin,dexamethasone,N/A,High,Phenytoin induces Dexamethasone metabolism reducing its plasma concentration,Increase Dexamethasone dose significantly,Monitor for therapeutic failure,Dexamethasone therapeutic failure
amiodarone,quinine,verapamil,High,Triple combination of QTc prolonging and AV blocking drugs,ABSOLUTELY CONTRAINDICATED,Avoid,Monitor ECG/QTc/HR continuously
methotrexate,sulfamethoxazole + trimethoprim,prednisolone,High,Co-trimoxazole causes severe myelosuppression with MTX,Prednisolone adds bleeding/immunosuppression risk,ABSOLUTELY CONTRAINDICATED,Use alternative agents
enalapril,losartan,N/A,High,Combination of two RAAS blockers (ACEi + ARB) provides no additional benefit but significantly increases the risk of hyperkalemia and renal failure (Dual RAAS Blockade),Absolutely avoid combination (Contraindicated),Acute kidney injury hyperkalemia and hypotension,Additive RAAS suppression
quetiapine,carbamazepine,N/A,High,Carbamazepine induces Quetiapine metabolism significantly lowering its plasma concentration,Avoid combination,If necessary increase Quetiapine dose (up to 2-fold) and monitor for efficacy,Loss of antipsychotic/mood-stabilizing effect and risk of relapse
haloperidol,carbamazepine,N/A,High,Carbamazepine induces Haloperidol metabolism reducing its effectiveness,Avoid combination if necessary increase Haloperidol dose significantly,Monitor for relapse,Loss of antipsychotic effect
amlodipine,clopidogrel,N/A,Low,Amlodipine is a weak inhibitor of CYP3A4 which can mildly affect Clopidogrel activation (minor pathway),Monitor for clinical failure (thrombosis),Generally not clinically significant,Minimal risk of reduced Clopidogrel efficacy
atenolol (in combo),digoxin,N/A,Medium,Additive effects on heart rate and conduction,Monitor HR and ECG closely,Generally well-tolerated if doses are appropriate,Risk of bradycardia and AV block
enalapril,potassium chloride,N/A,High,Enalapril retains potassium; direct K+ supplementation adds further potassium,Avoid routine K+ supplementation,Monitor serum potassium closely,Severe hyperkalemia
phenobarbital,warfarin,acetylsalicylic acid,High,Phenobarbital reduces Warfarin effect (clotting risk),Aspirin increases bleeding risk,Antagonistic and additive risks,Avoid all three
methadone,fluoxetine,N/A,Medium,Fluoxetine inhibits Methadone metabolism increasing its concentration,Reduce Methadone dose,Monitor for sedation and QTc prolongation,Increased risk of sedation and QTc prolongation
furosemide,phenytoin,N/A,Low,Phenytoin may slightly reduce Furosemide's diuretic effect,Monitor for signs of fluid overload,Generally non-significant,Minor reduction in diuretic effect
itraconazole,prednisolone,N/A,Medium,Itraconazole inhibits Prednisolone metabolism increasing its concentration,Reduce Prednisolone dose and monitor for Cushing's syndrome,Risk of steroid-related side effects,CYP3A4 inhibition
allopurinol,azathioprine,methotrexate,High,Allopurinol increases Azathioprine toxicity (fatal myelosuppression),MTX adds to immunosuppression/myelosuppression,ABSOLUTELY CONTRAINDICATED,Must avoid all three together
ondansetron,codeine,N/A,Low,Additive CNS depression/sedation,Monitor for increased sedation,Increased sedation,Additive CNS depression
itraconazole,verapamil,N/A,Medium,Itraconazole inhibits Verapamil metabolism increasing its concentration,Reduce Verapamil dose,Monitor HR/BP closely,Risk of severe bradycardia and hypotension
carbamazepine,ethinylestradiol + levonorgestrel,N/A,High,Carbamazepine induces contraceptive metabolism rendering oral hormonal contraceptives ineffective,Recommend using an alternative non-hormonal or higher-dose contraceptive method,Risk of unintended pregnancy,Carbamazepine is a potent CYP3A4 enzyme inducer increasing the breakdown of the oral hormonal contraceptives
clopidogrel,omeprazole,N/A,High,Omeprazole reduces the activation of the prodrug Clopidogrel leading to decreased anti-platelet effect,Avoid Omeprazole; substitute with Ranitidine or avoid PPI,Monitor for cardiovascular events,Risk of cardiovascular event (thrombosis)
amlodipine,simvastatin,N/A,Low/Medium,Amlodipine weakly inhibits CYP3A4 slightly increasing simvastatin levels,Monitor for myopathy (muscle pain) when starting amlodipine,Dose adjustment of simvastatin may be needed,Increased risk of myopathy
ritonavir,dexamethasone,N/A,High,Ritonavir inhibits Dexamethasone metabolism increasing its plasma concentration,Reduce Dexamethasone dose significantly,Monitor for Cushing's syndrome,Risk of severe Cushing's syndrome/adrenal suppression
phenytoin,fluoxetine,N/A,High,Fluoxetine inhibits the metabolism of Phenytoin leading to elevated Phenytoin levels,Reduce Phenytoin dose immediately,Monitor total and free Phenytoin levels closely,Risk of severe Phenytoin toxicity (ataxia coma)
metronidazole,alcohol based hand rub (Ethanol),N/A,High,Metronidazole causes a disulfiram-like reaction (flushing tachycardia nausea/vomiting) when combined with ethanol (even topical/trace amounts),Advise patient to strictly avoid all forms of alcohol for the duration of therapy and for 3 days after,Severe physical distress hypotension and potential emergency visit,Metronidazole inhibits aldehyde dehydrogenase causing acetaldehyde accumulation
verapamil,digoxin,N/A,High,Verapamil significantly inhibits the clearance of digoxin leading to elevated serum digoxin levels and increased toxicity risk,Reduce the digoxin dose by 30-50% upon starting verapamil,Monitor serum digoxin levels and ECG closely,Significant risk of digitalis toxicity and potential for cardiac conduction abnormalities
propofol,fentanyl,N/A,Medium,Additive CNS and cardiorespiratory depression,Reduce doses of both anesthetics/sedatives when combining,Monitor vital signs continuously,Profound sedation respiratory depression and hypotension
rifampicin,levothyroxine,N/A,High,Rifampicin induces the metabolism of Levothyroxine reducing its plasma concentration,Increase Levothyroxine dose significantly,Monitor TSH levels closely,Hypothyroidism/therapeutic failure
amiodarone,phenytoin,N/A,High,Amiodarone inhibits Phenytoin metabolism increasing Phenytoin concentration,Reduce Phenytoin dose by 25-50% immediately,Monitor Phenytoin levels closely,Severe Phenytoin toxicity
allopurinol,cyclophosphamide,N/A,High,Allopurinol inhibits Cyclophosphamide metabolism (to inactive metabolites) increasing its active metabolites' toxicity,Reduce Cyclophosphamide dose,Monitor myelosuppression aggressively,Life-threatening myelosuppression and bone marrow failure
metronidazole,warfarin,acetylsalicylic acid,High,Metronidazole increases Warfarin effect,Aspirin adds anti-platelet risk,ABSOLUTELY CONTRAINDICATED,Avoid
phenytoin,valproic acid,carbamazepine,High,Complex mutual induction and inhibition leading to unpredictable levels and toxicity risk for all three,Avoid all three,If unavoidable require aggressive monitoring of all three drug levels,Loss of seizure control AND risk of toxicity
lidocaine,propranolol,N/A,Medium,Propranolol reduces hepatic blood flow decreasing Lidocaine clearance increasing its plasma concentration,Reduce Lidocaine infusion rate/dose,Monitor for CNS and cardiac toxicity,Increased risk of Lidocaine toxicity (seizures cardiac arrest)
amoxicillin + clavulanic acid,warfarin,clopidogrel,High,Antibiotic + dual antiplatelet/anticoagulant therapy,ABSOLUTELY CONTRAINDICATED,Avoid,Monitor INR/bleeding aggressively
phenobarbital,warfarin,N/A,High,Phenobarbital induces warfarin metabolism decreasing its effect,Increase warfarin dose significantly,Monitor INR closely especially upon discontinuing Phenobarbital,Risk of therapeutic failure and thrombosis/clotting
dapsone,rifampicin,N/A,High,Rifampicin induces Dapsone metabolism significantly reducing Dapsone levels,Increase Dapsone dose significantly,Monitor for leprosy relapse/treatment failure,Reduced Dapsone efficacy and treatment failure
metronidazole,diazepam,N/A,Medium,Metronidazole inhibits Diazepam metabolism increasing its concentration,Monitor for increased sedation,Reduce Diazepam dose,Increased sedation and CNS effects
phenytoin,fluoxetine,N/A,High,Fluoxetine inhibits the metabolism of Phenytoin leading to elevated Phenytoin levels,Reduce Phenytoin dose immediately,Monitor total and free Phenytoin levels closely,Risk of severe Phenytoin toxicity (ataxia coma)
amoxicillin + clavulanic acid,allopurinol,N/A,Medium,Allopurinol increases the risk of skin rash with Aminopenicillins (Amoxicillin),Avoid combination if there is a history of Amoxicillin rash,Monitor for rash onset,Increased risk of severe maculopapular rash
enalapril,potassium chloride,N/A,High,Enalapril retains potassium; direct K+ supplementation adds further potassium,Avoid routine K+ supplementation,Monitor serum potassium closely,Severe hyperkalemia
methadone,fluoxetine,N/A,Medium,Fluoxetine inhibits Methadone metabolism increasing its concentration,Reduce Methadone dose,Monitor for sedation and QTc prolongation,Increased risk of sedation and QTc prolongation
itraconazole,prednisolone,N/A,Medium,Itraconazole inhibits Prednisolone metabolism increasing its concentration,Reduce Prednisolone dose and monitor for Cushing's syndrome,Risk of steroid-related side effects,CYP3A4 inhibition
digoxin,furosemide,N/A,Medium,Furosemide (diuretic) can cause hypokalemia (low potassium) which sensitizes the myocardium to digoxin increasing the risk of digoxin toxicity,Monitor serum potassium levels frequently,Supplement potassium if necessary,Monitor for signs of digoxin toxicity
carbamazepine,lamotrigine,N/A,High,Carbamazepine induces Lamotrigine metabolism reducing its plasma concentration,Increase Lamotrigine dose significantly,Monitor Lamotrigine levels closely,Loss of seizure control/therapeutic failure
amoxicillin + clavulanic acid,methotrexate,dexamethasone,High,Antibiotic increases MTX levels,Dexamethasone adds to immunosuppression/ulcer risk,Avoid combination if possible,Aggressively monitor MTX levels and CBC
lidocaine,amiodarone,N/A,High,Both are antiarrhythmics with additive effects on cardiac conduction,Avoid combination,Monitor ECG and for proarrhythmic effects,Increased risk of proarrhythmia (worsening arrhythmias) and AV block
quinine,carbamazepine,rifampicin,High,Carbamazepine and Rifampicin both induce Quinine metabolism,ABSOLUTELY CONTRAINDICATED,Avoid,Antimalarial treatment failure
verapamil,atenolol (in combo),digoxin,High,Verapamil and Atenolol cause additive bradycardia/AV block,Verapamil also increases Digoxin concentration,Absolutely avoid combination,Reduce Digoxin and switch Verapamil/Atenolol to a safer alternative
levofloxacin,prednisolone,dexamethasone,Medium,All three drugs increase the risk of tendon rupture,Avoid this combination in at-risk patients,Monitor closely for tendon pain/swelling,Increased risk of Achilles tendon rupture
metformin,ranitidine,N/A,Low,Ranitidine may slightly increase Metformin absorption/bioavailability,Monitor blood glucose,Generally non-significant,Slight risk of hypoglycemia
ritonavir,itraconazole,amiodarone,High,Ritonavir and Itraconazole increase each other's levels (CYP3A4 inhibition),Amiodarone is also affected increasing QTc risk,ABSOLUTELY CONTRAINDICATED,Use alternative agents
ondansetron,amiodarone,N/A,Medium,Both prolong the QTc interval,Avoid combination in patients with pre-existing heart conditions,Monitor ECG/QTc,Risk of Torsades de Pointes
itraconazole,digoxin,N/A,High,Itraconazole inhibits digoxin clearance increasing digoxin concentration,Reduce digoxin dose by 30-50%,Monitor digoxin levels and ECG closely,Risk of digitalis toxicity
allopurinol,mercaptopurine,N/A,High,Allopurinol inhibits the metabolism of the active cytotoxic agent Mercaptopurine,Reduce Mercaptopurine dose by 75% immediately,Monitor CBC closely,Fatal myelosuppression and bone marrow failure
phenytoin,amiodarone,warfarin,High,Amiodarone increases Phenytoin and Warfarin concentrations,Phenytoin induces Amiodarone metabolism,Avoid this triple combination,If unavoidable monitor ALL three drug levels/INR aggressively
verapamil,digoxin,simvastatin,High,Verapamil increases Digoxin concentration and inhibits Simvastatin metabolism,Reduce Digoxin and Simvastatin doses immediately,Monitor HR ECG Digoxin levels and CK/muscle symptoms,Digitalis toxicity AND Rhabdomyolysis
propofol,fentanyl,midazolam,High,Triple combination of sedatives/anesthetics leads to severe synergistic CNS and respiratory depression,ABSOLUTELY CONTRAINDICATED,Use minimal doses and monitor vital signs continuously for rapid intervention,Profound respiratory depression coma and death
itraconazole,simvastatin,N/A,High,Itraconazole inhibits Simvastatin metabolism leading to greatly increased Simvastatin levels,Avoid combination,If needed use a non-interacting statin (not on list) or monitor CK/muscle symptoms aggressively (not advised),High risk of Rhabdomyolysis and severe muscle toxicity
quinine,warfarin,N/A,High,Quinine inhibits warfarin metabolism increasing INR and bleeding risk,Reduce warfarin dose by 30-50%,Monitor INR closely,High risk of hemorrhage
clopidogrel,acetylsalicylic acid,N/A,High,Combination of two anti-platelet agents,Monitor for GI bleeding,Use gastroprotection (Ranitidine) for patients with risk factors,High risk of major GI bleeding
ritonavir,dexamethasone,N/A,High,Ritonavir inhibits Dexamethasone metabolism increasing its plasma concentration,Reduce Dexamethasone dose significantly,Monitor for Cushing's syndrome,Risk of severe Cushing's syndrome/adrenal suppression
amiodarone,warfarin,N/A,High,Amiodarone inhibits warfarin metabolism significantly increasing INR and bleeding risk,Reduce warfarin dose by 30-50% immediately,Monitor INR closely,High risk of hemorrhage
ritonavir,rifampicin,N/A,High,Rifampicin induces the metabolism of Ritonavir and Lopinavir/Ritonavir drastically reducing their plasma concentrations below therapeutic levels,Avoid combination,Substitute Rifabutin for Rifampicin,If Lopinavir/Ritonavir must be used increase the ARV dose significantly and monitor viral load
dapsone,rifampicin,N/A,High,Rifampicin induces Dapsone metabolism significantly reducing Dapsone levels,Increase Dapsone dose significantly,Monitor for leprosy relapse/treatment failure,Reduced Dapsone efficacy and treatment failure
phenytoin,carbamazepine,N/A,High,Both are potent enzyme inducers and they can increase each other's metabolism leading to reduced serum levels and seizure risk,Monitor total and free levels of both drugs closely when adding or removing either drug,Risk of therapeutic failure and increased seizure frequency,Mutual induction of hepatic enzymes (CYP3A4 CYP2C9)
methadone,carbamazepine,N/A,High,Carbamazepine induces Methadone metabolism decreasing its plasma concentration,Increase Methadone dose significantly,Monitor for signs of opioid withdrawal,Opioid withdrawal and failure of substitution therapy
carbamazepine,levonorgestrel-releasing implant,N/A,High,Carbamazepine induces Levonorgestrel metabolism causing contraceptive failure,Recommend non-hormonal IUD (Copper-containing device) or another highly effective non-interacting method,Risk of unintended pregnancy,CYP3A4 induction
furosemide,amikacin,N/A,High,Furosemide can enhance the ototoxicity of Amikacin (aminoglycoside),Avoid co-administration,Monitor hearing/vestibular function closely,Irreversible ototoxicity (hearing loss)
quinine,levofloxacin,N/A,High,Both drugs prolong the QTc interval,Avoid combination,Monitor ECG/QTc closely,Fatal cardiac arrhythmia (Torsades de Pointes)
itraconazole,carbamazepine,N/A,High,Carbamazepine induces Itraconazole metabolism significantly reducing its plasma concentration,Avoid combination,If necessary use high doses of Itraconazole and monitor its levels,Itraconazole therapeutic failure (e
methotrexate,ibuprofen,N/A,High,Ibuprofen reduces the renal clearance of Methotrexate (MTX) increasing its serum concentration,Avoid NSAIDs during MTX therapy,Substitute with Paracetamol,Monitor MTX levels and signs of toxicity aggressively
diazepam,ritonavir,N/A,High,Ritonavir inhibits Diazepam metabolism increasing its concentration,Reduce Diazepam dose immediately,Monitor for excessive sedation,Severe sedation and CNS effects
amlodipine,simvastatin,itraconazole,High,Itraconazole inhibits Amlodipine and Simvastatin metabolism greatly increasing their concentrations,Avoid combination,Substitute non-interacting agents,Severe Rhabdomyolysis AND severe hypotension/edema
allopurinol,cyclophosphamide,N/A,High,Allopurinol inhibits Cyclophosphamide metabolism (to inactive metabolites) increasing its active metabolites' toxicity,Reduce Cyclophosphamide dose,Monitor myelosuppression aggressively,Life-threatening myelosuppression and bone marrow failure
clopidogrel,omeprazole,N/A,High,Omeprazole reduces the activation of the prodrug Clopidogrel leading to decreased anti-platelet effect,Avoid Omeprazole; substitute with Ranitidine or avoid PPI,Monitor for cardiovascular events,Risk of cardiovascular event (thrombosis)
warfarin,phenobarbital,N/A,High,Phenobarbital induces warfarin metabolism decreasing its effect,Increase warfarin dose significantly,Monitor INR closely especially upon discontinuing Phenobarbital,Risk of therapeutic failure and thrombosis/clotting
amoxicillin + clavulanic acid,allopurinol,N/A,Medium,Allopurinol increases the risk of skin rash with Aminopenicillins (Amoxicillin),Avoid combination if there is a history of Amoxicillin rash,Monitor for rash onset,Increased risk of severe maculopapular rash
digoxin,furosemide,N/A,Medium,Furosemide (diuretic) can cause hypokalemia (low potassium) which sensitizes the myocardium to digoxin increasing the risk of digoxin toxicity,Monitor serum potassium levels frequently,Supplement potassium if necessary,Monitor for signs of digoxin toxicity
carbamazepine,phenytoin,lamotrigine,High,Complex mutual induction of all three drugs,CBZ and PHT induce LM metabolism (reduce LM levels),LM increases CBZ-E and PHT levels,Avoid all three
methotrexate,sulfasalazine,N/A,Medium,Sulfasalazine may increase the concentration of Methotrexate (MTX),Monitor MTX levels and for signs of MTX toxicity,Increased risk of MTX toxicity,Sulfasalazine displaces MTX from protein binding and/or competes for renal excretion
phenytoin,dexamethasone,N/A,High,Phenytoin induces Dexamethasone metabolism reducing its plasma concentration,Increase Dexamethamine dose significantly,Monitor for therapeutic failure,Dexamethasone therapeutic failure
amiodarone,quinine,verapamil,High,Triple combination of QTc prolonging and AV blocking drugs,ABSOLUTELY CONTRAINDICATED,Avoid,Monitor ECG/QTc/HR continuously
methotrexate,sulfamethoxazole + trimethoprim,prednisolone,High,Co-trimoxazole causes severe myelosuppression with MTX,Prednisolone adds bleeding/immunosuppression risk,ABSOLUTELY CONTRAINDICATED,Use alternative agents
enalapril,losartan,N/A,High,Combination of two RAAS blockers (ACEi + ARB) provides no additional benefit but significantly increases the risk of hyperkalemia and renal failure (Dual RAAS Blockade),Absolutely avoid combination (Contraindicated),Acute kidney injury hyperkalemia and hypotension,Additive RAAS suppression
quetiapine,carbamazepine,N/A,High,Carbamazepine induces Quetiapine metabolism significantly lowering its plasma concentration,Avoid combination,If necessary increase Quetiapine dose (up to 2-fold) and monitor for efficacy,Loss of antipsychotic/mood-stabilizing effect and risk of relapse
haloperidol,carbamazepine,N/A,High,Carbamazepine induces Haloperidol metabolism reducing its effectiveness,Avoid combination if necessary increase Haloperidol dose significantly,Monitor for relapse,Loss of antipsychotic effect
amlodipine,clopidogrel,N/A,Low,Amlodipine is a weak inhibitor of CYP3A4 which can mildly affect Clopidogrel activation (minor pathway),Monitor for clinical failure (thrombosis),Generally not clinically significant,Minimal risk of reduced Clopidogrel efficacy
atenolol (in combo),digoxin,N/A,Medium,Additive effects on heart rate and conduction,Monitor HR and ECG closely,Generally well-tolerated if doses are appropriate,Risk of bradycardia and AV block
enalapril,potassium chloride,N/A,High,Enalapril retains potassium; direct K+ supplementation adds further potassium,Avoid routine K+ supplementation,Monitor serum potassium closely,Severe hyperkalemia
phenobarbital,warfarin,acetylsalicylic acid,High,Phenobarbital reduces Warfarin effect (clotting risk),Aspirin increases bleeding risk,Antagonistic and additive risks,Avoid all three
methadone,fluoxetine,N/A,Medium,Fluoxetine inhibits Methadone metabolism increasing its concentration,Reduce Methadone dose,Monitor for sedation and QTc prolongation,Increased risk of sedation and QTc prolongation
furosemide,phenytoin,N/A,Low,Phenytoin may slightly reduce Furosemide's diuretic effect,Monitor for signs of fluid overload,Generally non-significant,Minor reduction in diuretic effect
itraconazole,prednisolone,N/A,Medium,Itraconazole inhibits Prednisolone metabolism increasing its concentration,Reduce Prednisolone dose and monitor for Cushing's syndrome,Risk of steroid-related side effects,CYP3A4 inhibition
allopurinol,azathioprine,methotrexate,High,Allopurinol increases Azathioprine toxicity (fatal myelosuppression),MTX adds to immunosuppression/myelosuppression,ABSOLUTELY CONTRAINDICATED,Must avoid all three together
ondansetron,codeine,N/A,Low,Additive CNS depression/sedation,Monitor for increased sedation,Increased sedation,Additive CNS depression
itraconazole,verapamil,N/A,Medium,Itraconazole inhibits Verapamil metabolism increasing its concentration,Reduce Verapamil dose,Monitor HR/BP closely,Risk of severe bradycardia and hypotension
carbamazepine,ethinylestradiol + levonorgestrel,N/A,High,Carbamazepine induces contraceptive metabolism rendering oral hormonal contraceptives ineffective,Recommend using an alternative non-hormonal or higher-dose contraceptive method,Risk of unintended pregnancy,Carbamazepine is a potent CYP3A4 enzyme inducer increasing the breakdown of the oral hormonal contraceptives
clopidogrel,omeprazole,N/A,High,Omeprazole reduces the activation of the prodrug Clopidogrel leading to decreased anti-platelet effect,Avoid Omeprazole; substitute with Ranitidine or avoid PPI,Monitor for cardiovascular events,Risk of cardiovascular event (thrombosis)
amlodipine,simvastatin,N/A,Low/Medium,Amlodipine weakly inhibits CYP3A4 slightly increasing simvastatin levels,Monitor for myopathy (muscle pain) when starting amlodipine,Dose adjustment of simvastatin may be needed,Increased risk of myopathy
ritonavir,dexamethasone,N/A,High,Ritonavir inhibits Dexamethasone metabolism increasing its plasma concentration,Reduce Dexamethasone dose significantly,Monitor for Cushing's syndrome,Risk of severe Cushing's syndrome/adrenal suppression
phenytoin,fluoxetine,N/A,High,Fluoxetine inhibits the metabolism of Phenytoin leading to elevated Phenytoin levels,Reduce Phenytoin dose immediately,Monitor total and free Phenytoin levels closely,Risk of severe Phenytoin toxicity (ataxia coma)
metronidazole,alcohol based hand rub (Ethanol),N/A,High,Metronidazole causes a disulfiram-like reaction (flushing tachycardia nausea/vomiting) when combined with ethanol (even topical/trace amounts),Advise patient to strictly avoid all forms of alcohol for the duration of therapy and for 3 days after,Severe physical distress hypotension and potential emergency visit,Metronidazole inhibits aldehyde dehydrogenase causing acetaldehyde accumulation
verapamil,digoxin,N/A,High,Verapamil significantly inhibits the clearance of digoxin leading to elevated serum digoxin levels and increased toxicity risk,Reduce the digoxin dose by 30-50% upon starting verapamil,Monitor serum digoxin levels and ECG closely,Significant risk of digitalis toxicity and potential for cardiac conduction abnormalities
propofol,fentanyl,N/A,Medium,Additive CNS and cardiorespiratory depression,Reduce doses of both anesthetics/sedatives when combining,Monitor vital signs continuously,Profound sedation respiratory depression and hypotension
rifampicin,levothyroxine,N/A,High,Rifampicin induces the metabolism of Levothyroxine reducing its plasma concentration,Increase Levothyroxine dose significantly,Monitor TSH levels closely,Hypothyroidism/therapeutic failure
amiodarone,phenytoin,N/A,High,Amiodarone inhibits Phenytoin metabolism increasing Phenytoin concentration,Reduce Phenytoin dose by 25-50% immediately,Monitor Phenytoin levels closely,Severe Phenytoin toxicity
allopurinol,cyclophosphamide,N/A,High,Allopurinol inhibits Cyclophosphamide metabolism (to inactive metabolites) increasing its active metabolites' toxicity,Reduce Cyclophosphamide dose,Monitor myelosuppression aggressively,Life-threatening myelosuppression and bone marrow failure
metronidazole,warfarin,acetylsalicylic acid,High,Metronidazole increases Warfarin effect,Aspirin adds anti-platelet risk,ABSOLUTELY CONTRAINDICATED,Avoid
phenytoin,valproic acid,carbamazepine,High,Complex mutual induction and inhibition leading to unpredictable levels and toxicity risk for all three,Avoid all three,If unavoidable require aggressive monitoring of all three drug levels,Loss of seizure control AND risk of toxicity
lidocaine,propranolol,N/A,Medium,Propranolol reduces hepatic blood flow decreasing Lidocaine clearance increasing its plasma concentration,Reduce Lidocaine infusion rate/dose,Monitor for CNS and cardiac toxicity,Increased risk of Lidocaine toxicity (seizures cardiac arrest)
amoxicillin + clavulanic acid,warfarin,clopidogrel,High,Antibiotic + dual antiplatelet/anticoagulant therapy,ABSOLUTELY CONTRAINDICATED,Avoid,Monitor INR/bleeding aggressively
phenobarbital,warfarin,N/A,High,Phenobarbital induces warfarin metabolism decreasing its effect,Increase warfarin dose significantly,Monitor INR closely especially upon discontinuing Phenobarbital,Risk of therapeutic failure and thrombosis/clotting
dapsone,rifampicin,N/A,High,Rifampicin induces Dapsone metabolism significantly reducing Dapsone levels,Increase Dapsone dose significantly,Monitor for leprosy relapse/treatment failure,Reduced Dapsone efficacy and treatment failure
metronidazole,diazepam,N/A,Medium,Metronidazole inhibits Diazepam metabolism increasing its concentration,Monitor for increased sedation,Reduce Diazepam dose,Increased sedation and CNS effects
phenytoin,fluoxetine,N/A,High,Fluoxetine inhibits the metabolism of Phenytoin leading to elevated Phenytoin levels,Reduce Phenytoin dose immediately,Monitor total and free Phenytoin levels closely,Risk of severe Phenytoin toxicity (ataxia coma)
amoxicillin + clavulanic acid,allopurinol,N/A,Medium,Allopurinol increases the risk of skin rash with Aminopenicillins (Amoxicillin),Avoid combination if there is a history of Amoxicillin rash,Monitor for rash onset,Increased risk of severe maculopapular rash
enalapril,potassium chloride,N/A,High,Enalapril retains potassium; direct K+ supplementation adds further potassium,Avoid routine K+ supplementation,Monitor serum potassium closely,Severe hyperkalemia
methadone,fluoxetine,N/A,Medium,Fluoxetine inhibits Methadone metabolism increasing its concentration,Reduce Methadone dose,Monitor for sedation and QTc prolongation,Increased risk of sedation and QTc prolongation
itraconazole,prednisolone,N/A,Medium,Itraconazole inhibits Prednisolone metabolism increasing its concentration,Reduce Prednisolone dose and monitor for Cushing's syndrome,Risk of steroid-related side effects,CYP3A4 inhibition
digoxin,furosemide,N/A,Medium,Furosemide (diuretic) can cause hypokalemia (low potassium) which sensitizes the myocardium to digoxin increasing the risk of digoxin toxicity,Monitor serum potassium levels frequently,Supplement potassium if necessary,Monitor for signs of digoxin toxicity
carbamazepine,lamotrigine,N/A,High,Carbamazepine induces Lamotrigine metabolism reducing its plasma concentration,Increase Lamotrigine dose significantly,Monitor Lamotrigine levels closely,Loss of seizure control/therapeutic failure
amoxicillin + clavulanic acid,methotrexate,dexamethasone,High,Antibiotic increases MTX levels,Dexamethasone adds to immunosuppression/ulcer risk,Avoid combination if possible,Aggressively monitor MTX levels and CBC
lidocaine,amiodarone,N/A,High,Both are antiarrhythmics with additive effects on cardiac conduction,Avoid combination,Monitor ECG and for proarrhythmic effects,Increased risk of proarrhythmia (worsening arrhythmias) and AV block
quinine,carbamazepine,rifampicin,High,Carbamazepine and Rifampicin both induce Quinine metabolism,ABSOLUTELY CONTRAINDICATED,Avoid,Antimalarial treatment failure
verapamil,atenolol (in combo),digoxin,High,Verapamil and Atenolol cause additive bradycardia/AV block,Verapamil also increases Digoxin concentration,Absolutely avoid combination,Reduce Digoxin and switch Verapamil/Atenolol to a safer alternative
levofloxacin,prednisolone,dexamethasone,Medium,All three drugs increase the risk of tendon rupture,Avoid this combination in at-risk patients,Monitor closely for tendon pain/swelling,Increased risk of Achilles tendon rupture
metformin,ranitidine,N/A,Low,Ranitidine may slightly increase Metformin absorption/bioavailability,Monitor blood glucose,Generally non-significant,Slight risk of hypoglycemia
ritonavir,itraconazole,amiodarone,High,Ritonavir and Itraconazole increase each other's levels (CYP3A4 inhibition),Amiodarone is also affected increasing QTc risk,ABSOLUTELY CONTRAINDICATED,Use alternative agents
ondansetron,amiodarone,N/A,Medium,Both prolong the QTc interval,Avoid combination in patients with pre-existing heart conditions,Monitor ECG/QTc,Risk of Torsades de Pointes
itraconazole,digoxin,N/A,High,Itraconazole inhibits digoxin clearance increasing digoxin concentration,Reduce digoxin dose by 30-50%,Monitor digoxin levels and ECG closely,Risk of digitalis toxicity
allopurinol,mercaptopurine,N/A,High,Allopurinol inhibits the metabolism of the active cytotoxic agent Mercaptopurine,Reduce Mercaptopurine dose by 75% immediately,Monitor CBC closely,Fatal myelosuppression and bone marrow failure
phenytoin,amiodarone,warfarin,High,Amiodarone increases Phenytoin and Warfarin concentrations,Phenytoin induces Amiodarone metabolism,Avoid this triple combination,If unavoidable monitor ALL three drug levels/INR aggressively
verapamil,digoxin,simvastatin,High,Verapamil increases Digoxin concentration and inhibits Simvastatin metabolism,Reduce Digoxin and Simvastatin doses immediately,Monitor HR ECG Digoxin levels and CK/muscle symptoms,Digitalis toxicity AND Rhabdomyolysis
propofol,fentanyl,midazolam,High,Triple combination of sedatives/anesthetics leads to severe synergistic CNS and respiratory depression,ABSOLUTELY CONTRAINDICATED,Use minimal doses and monitor vital signs continuously for rapid intervention,Profound respiratory depression coma and death
itraconazole,simvastatin,N/A,High,Itraconazole inhibits Simvastatin metabolism leading to greatly increased Simvastatin levels,Avoid combination,If needed use a non-interacting statin (not on list) or monitor CK/muscle symptoms aggressively (not advised),High risk of Rhabdomyolysis and severe muscle toxicity
quinine,warfarin,N/A,High,Quinine inhibits warfarin metabolism increasing INR and bleeding risk,Reduce warfarin dose by 30-50%,Monitor INR closely,High risk of hemorrhage
clopidogrel,acetylsalicylic acid,N/A,High,Combination of two anti-platelet agents,Monitor for GI bleeding,Use gastroprotection (Ranitidine) for patients with risk factors,High risk of major GI bleeding
ritonavir,dexamethasone,N/A,High,Ritonavir inhibits Dexamethasone metabolism increasing its plasma concentration,Reduce Dexamethasone dose significantly,Monitor for Cushing's syndrome,Risk of severe Cushing's syndrome/adrenal suppression
amiodarone,warfarin,N/A,High,Amiodarone inhibits warfarin metabolism significantly increasing INR and bleeding risk,Reduce warfarin dose by 30-50% immediately,Monitor INR closely,High risk of hemorrhage
ritonavir,rifampicin,N/A,High,Rifampicin induces the metabolism of Ritonavir and Lopinavir/Ritonavir drastically reducing their plasma concentrations below therapeutic levels,Avoid combination,Substitute Rifabutin for Rifampicin,If Lopinavir/Ritonavir must be used increase the ARV dose significantly and monitor viral load
dapsone,rifampicin,N/A,High,Rifampicin induces Dapsone metabolism significantly reducing Dapsone levels,Increase Dapsone dose significantly,Monitor for leprosy relapse/treatment failure,Reduced Dapsone efficacy and treatment failure
phenytoin,carbamazepine,N/A,High,Both are potent enzyme inducers and they can increase each other's metabolism leading to reduced serum levels and seizure risk,Monitor total and free levels of both drugs closely when adding or removing either drug,Risk of therapeutic failure and increased seizure frequency,Mutual induction of hepatic enzymes (CYP3A4 CYP2C9)
methadone,carbamazepine,N/A,High,Carbamazepine induces Methadone metabolism decreasing its plasma concentration,Increase Methadone dose significantly,Monitor for signs of opioid withdrawal,Opioid withdrawal and failure of substitution therapy
carbamazepine,levonorgestrel-releasing implant,N/A,High,Carbamazepine induces Levonorgestrel metabolism causing contraceptive failure,Recommend non-hormonal IUD (Copper-containing device) or another highly effective non-interacting method,Risk of unintended pregnancy,CYP3A4 induction
furosemide,amikacin,N/A,High,Furosemide can enhance the ototoxicity of Amikacin (aminoglycoside),Avoid co-administration,Monitor hearing/vestibular function closely,Irreversible ototoxicity (hearing loss)
quinine,levofloxacin,N/A,High,Both drugs prolong the QTc interval,Avoid combination,Monitor ECG/QTc closely,Fatal cardiac arrhythmia (Torsades de Pointes)
itraconazole,carbamazepine,N/A,High,Carbamazepine induces Itraconazole metabolism significantly reducing its plasma concentration,Avoid combination,If necessary use high doses of Itraconazole and monitor its levels,Itraconazole therapeutic failure (e
methotrexate,ibuprofen,N/A,High,Ibuprofen reduces the renal clearance of Methotrexate (MTX) increasing its serum concentration,Avoid NSAIDs during MTX therapy,Substitute with Paracetamol,Monitor MTX levels and signs of toxicity aggressively
diazepam,ritonavir,N/A,High,Ritonavir inhibits Diazepam metabolism increasing its concentration,Reduce Diazepam dose immediately,Monitor for excessive sedation,Severe sedation and CNS effects
amlodipine,simvastatin,itraconazole,High,Itraconazole inhibits Amlodipine and Simvastatin metabolism greatly increasing their concentrations,Avoid combination,Substitute non-interacting agents,Severe Rhabdomyolysis AND severe hypotension/edema
allopurinol,cyclophosphamide,N/A,High,Allopurinol inhibits Cyclophosphamide metabolism (to inactive metabolites) increasing its active metabolites' toxicity,Reduce Cyclophosphamide dose,Monitor myelosuppression aggressively,Life-threatening myelosuppression and bone marrow failure
clopidogrel,omeprazole,N/A,High,Omeprazole reduces the activation of the prodrug Clopidogrel leading to decreased anti-platelet effect,Avoid Omeprazole; substitute with Ranitidine or avoid PPI,Monitor for cardiovascular events,Risk of cardiovascular event (thrombosis)
