medicine_name,primary_conditions,secondary_conditions,age_group_recommendations,contraindications
abacavir,ANTI-INFECTIVE MEDICINES: Antiretrovirals: Nucleoside/Nucleotide reverse transcriptase inhibitors,,,
abiraterone,Metastatic castration-resistant prostate cancer,,,
acamprosate calcium,MEDICINES FOR MENTAL AND BEHAVIOURAL DISORDERS: Medicines for alcohol use disorders,,,
acetazolamide,OPHTHALMOLOGICAL PREPARATIONS: Miotics and antiglaucoma medicines,,,
all-trans retinoid acid (ATRA),Acute promyelocytic leukaemia,,,
alteplase,CARDIOVASCULAR MEDICINES: Antithrombotic medicines: Thrombolytic medicines,,,
amidotrizoate,DIAGNOSTIC AGENTS: Radiocontrast media,,,
amiloride,DIURETICS: DIURETICS,,,
amitriptyline,MEDICINES FOR PAIN AND PALLIATIVE CARE; MEDICINES FOR MENTAL AND BEHAVIOURAL DISORDERS: Medicines for other common symptoms in palliative care; Medicines for mood disorders: Medicines for depressive disorders,,,
amodiaquine,ANTI-INFECTIVE MEDICINES: Antiprotozoal medicines: Antimalarial medicines: For curative treatment,,,
amodiaquine – sulfadoxine + pyrimethamine,ANTI-INFECTIVE MEDICINES: Antiprotozoal medicines: Antimalarial medicines: For chemoprevention,,Explicitly for or restricted to children (0-18 years),
amphotericin B,ANTI-INFECTIVE MEDICINES: Antifungal medicines; Antiprotozoal medicines: Antileishmaniasis medicines,,,
ansuvimab,ANTI-INFECTIVE MEDICINES: Medicines for Ebola virus disease,,,
anti-D immunoglobulin,BLOOD PRODUCTS OF HUMAN ORIGIN AND PLASMA SUBSTITUTES: Plasma-derived medicines: Human immunoglobulins,,,
anti-rabies immunoglobulin,BLOOD PRODUCTS OF HUMAN ORIGIN AND PLASMA SUBSTITUTES: Plasma-derived medicines: Human immunoglobulins,,,
anti-tetanus immunoglobulin,BLOOD PRODUCTS OF HUMAN ORIGIN AND PLASMA SUBSTITUTES: Plasma-derived medicines: Human immunoglobulins,,,
arsenic trioxide,Acute promyelocytic leukaemia,,,
artemether,For use in the management of severe malaria.,,,
artemether + lumefantrine,ANTI-INFECTIVE MEDICINES: Antiprotozoal medicines: Antimalarial medicines: For curative treatment,,Explicitly for or restricted to children (0-18 years),Not recommended in the first trimester of pregcy or in children below 5 kg
artesunate + mefloquine,ANTI-INFECTIVE MEDICINES: Antiprotozoal medicines: Antimalarial medicines: For curative treatment,,,
asparaginase,Acute lymphoblastic leukaemia,,,
atazanavir + ritonavir,ANTI-INFECTIVE MEDICINES: Antiretrovirals: Protease inhibitors,,,
atoltivimab + maftivimab + odesivimab,ANTI-INFECTIVE MEDICINES: Medicines for Ebola virus disease,,,
atracurium,MUSCLE RELAXANTS (PERIPHERALLY-ACTING) AND CHOLINESTERASE INHIBITORS: MUSCLE RELAXANTS (PERIPHERALLY-ACTING) AND CHOLINESTERASE INHIBITORS,,,
barium sulfate,DIAGNOSTIC AGENTS: Radiocontrast media,,Explicitly for or restricted to children (0-18 years),
BCG vaccine,IMMUNOLOGICALS: Recommendations for all,,,
bedaquiline,ANTI-INFECTIVE MEDICINES: Complementary List,,Explicitly for or restricted to children (0-18 years),
benzathine benzylpenicillin,Syphilis,,Explicitly for or restricted to children (0-18 years),
benzoyl peroxide,DERMATOLOGICAL MEDICINES: Medicines affecting skin differentiation and proliferation,,,
benzyl benzoate,DERMATOLOGICAL MEDICINES: Scabicides and pediculicides,,Age limit: > 2 years,
bevacizumab,OPHTHALMOLOGICAL PREPARATIONS: Anti-vascular endothelial growth factor (VEGF) preparations,,,
bortezomib,Multiple myeloma,,,
bupropion,MEDICINES FOR MENTAL AND BEHAVIOURAL DISORDERS: Medicines for nicotine use disorders,,,
cabergoline,MEDICINES FOR ENDOCRINE DISORDERS: Medicines for disorders of the pituitary hormone system,,,
caffeine citrate,MEDICINES FOR REPRODUCTIVE HEALTH AND PERINATAL CARE: Other medicines administered to the neonate [c],,Explicitly for or restricted to children (0-18 years),
calamine,DERMATOLOGICAL MEDICINES: Anti-inflammatory and antipruritic medicines,,,
calcium,VITAMINS AND MINERALS: VITAMINS AND MINERALS,,,
calcium gluconate,ANTIDOTES AND OTHER SUBSTANCES USED IN POISONINGS; VITAMINS AND MINERALS: Specific; VITAMINS AND MINERALS,,,
carbetocin,MEDICINES FOR REPRODUCTIVE HEALTH AND PERINATAL CARE: Uterotonics,,,
cefazolin,Surgical prophylaxis,Bone and joint infections,Age limit: > 1 month,
cefiderocol,ANTI-INFECTIVE MEDICINES: Reserve group antibiotics,,,
ceftazidime,Endophthalmitis (Complementary List only),,,
ceftazidime + avibactam,ANTI-INFECTIVE MEDICINES: Reserve group antibiotics,,,
ceftolozane + tazobactam,ANTI-INFECTIVE MEDICINES: Reserve group antibiotics,,,
cefuroxime,ANTI-INFECTIVE MEDICINES: Watch group antibiotics,Surgical prophylaxis,,
chlorambucil,Chronic lymphocytic leukaemia,,,
chloramphenicol,ANTI-INFECTIVE MEDICINES: Access group antibiotics,Acute bacterial meningitis,,
chlorine base compound,ANTISEPTICS AND DISINFECTANTS: Disinfectants,,,
chloroxylenol,ANTISEPTICS AND DISINFECTANTS: Disinfectants,,,
cholera vaccine,IMMUNOLOGICALS: Recommendations for some high-risk populations,,,
cladribine,MEDICINES FOR DISEASES OF THE NERVOUS SYSTEM: Medicines for multiple sclerosis,,,
clofazimine,ANTI-INFECTIVE MEDICINES: Antileprosy medicines; Complementary List,,,
clomifene,MEDICINES FOR REPRODUCTIVE HEALTH AND PERINATAL CARE: Ovulation inducers,,,
clomipramine,MEDICINES FOR MENTAL AND BEHAVIOURAL DISORDERS: Medicines for obsessive compulsive disorders,,,
clopidogrel,CARDIOVASCULAR MEDICINES: Antithrombotic medicines: Anti-platelet medicines,,,
clotrimazole,ANTI-INFECTIVE MEDICINES: Antifungal medicines,,,
clozapine,MEDICINES FOR MENTAL AND BEHAVIOURAL DISORDERS: Medicines for psychotic disorders,,,
coagulation factor IX,BLOOD PRODUCTS OF HUMAN ORIGIN AND PLASMA SUBSTITUTES: Plasma-derived medicines: Blood coagulation factors,,,
coagulation factor VIII,BLOOD PRODUCTS OF HUMAN ORIGIN AND PLASMA SUBSTITUTES: Plasma-derived medicines: Blood coagulation factors,,,
coal tar,DERMATOLOGICAL MEDICINES: Medicines affecting skin differentiation and proliferation,,,
codeine,MEDICINES FOR PAIN AND PALLIATIVE CARE: Opioid analgesics,,,
colistin,ANTI-INFECTIVE MEDICINES: Reserve group antibiotics,,,
condoms,MEDICINES FOR REPRODUCTIVE HEALTH AND PERINATAL CARE: Barrier methods,,,
copper-containing device,MEDICINES FOR REPRODUCTIVE HEALTH AND PERINATAL CARE: Intrauterine devices,,,
cycloserine,ANTI-INFECTIVE MEDICINES: Complementary List,,Explicitly for or restricted to children (0-18 years),
dacarbazine,Hodgkin lymphoma,,,
daclatasvir,ANTI-INFECTIVE MEDICINES: Pangenotypic direct-acting antiviral combinations,,,
daclatasvir + sofosbuvir,ANTI-INFECTIVE MEDICINES: Pangenotypic direct-acting antiviral combinations,,,
dapsone,ANTI-INFECTIVE MEDICINES: Antileprosy medicines,,,
darunavir,ANTI-INFECTIVE MEDICINES: Antiretrovirals: Protease inhibitors,,,
dasatinib,Imatinib-resistant chronic myeloid leukaemia,,,
deferoxamine,ANTIDOTES AND OTHER SUBSTANCES USED IN POISONINGS; MEDICINES AFFECTING THE BLOOD: Specific; Other medicines for haemoglobinopathies,,,
dengue vaccine,IMMUNOLOGICALS: Recommendations for some high-risk populations,,,
dextran 70,BLOOD PRODUCTS OF HUMAN ORIGIN AND PLASMA SUBSTITUTES: Plasma substitutes,,,
diaphragms,MEDICINES FOR REPRODUCTIVE HEALTH AND PERINATAL CARE: Barrier methods,,,
diethylcarbamazine,ANTI-INFECTIVE MEDICINES: Antifilarials,,,
dihydroartemisinin + piperaquine phosphate,ANTI-INFECTIVE MEDICINES: Antiprotozoal medicines: Antimalarial medicines: For curative treatment,,,
diloxanide,ANTI-INFECTIVE MEDICINES: Antiprotozoal medicines: Antiamoebic and antigiardiasis medicines,,Age limit: > 25 kg,
dimercaprol,ANTIDOTES AND OTHER SUBSTANCES USED IN POISONINGS: Specific,,,
diphtheria vaccine,IMMUNOLOGICALS: Recommendations for all,,,
dopamine,CARDIOVASCULAR MEDICINES: Medicines used in heart failure,,,
efavirenz,ANTI-INFECTIVE MEDICINES: Antiretrovirals: Non-nucleoside reverse transcriptase inhibitors,,,
eflornithine,ANTI-INFECTIVE MEDICINES: Medicines for the treatment of 2nd stage African trypanosomiasis,,,
ergometrine,MEDICINES FOR REPRODUCTIVE HEALTH AND PERINATAL CARE: Uterotonics,,,
erythromycin,Infections due to Chlamydia trachomatis or Neisseria gonorrhoea,,Explicitly for or restricted to children (0-18 years),
estradiol cypionate + medroxyprogesterone acetate,MEDICINES FOR REPRODUCTIVE HEALTH AND PERINATAL CARE: Injectable hormonal contraceptives,,,
ethambutol + isoniazid + pyrazinamide + rifampicin,ANTI-INFECTIVE MEDICINES: Antituberculosis medicines,,,
ethambutol + isoniazid + rifampicin,ANTI-INFECTIVE MEDICINES: Antituberculosis medicines,,,
ethanol,ANTISEPTICS AND DISINFECTANTS: Antiseptics,,,
ethinylestradiol + etonogestrel,MEDICINES FOR REPRODUCTIVE HEALTH AND PERINATAL CARE: Intravaginal contraceptives,,,
ethinylestradiol + levonorgestrel,MEDICINES FOR REPRODUCTIVE HEALTH AND PERINATAL CARE: Oral hormonal contraceptives,,,
ethinylestradiol + norethisterone,MEDICINES FOR REPRODUCTIVE HEALTH AND PERINATAL CARE: Oral hormonal contraceptives,,,
etonogestrel-releasing implant,MEDICINES FOR REPRODUCTIVE HEALTH AND PERINATAL CARE: Implantable contraceptives,,,
fentanyl,For the management of cancer pain,,,
fexinidazole,For the treatment of 1st and 2nd stage of human African trypanosomiasis due to Trypanosoma brucei gambiense infection.,,,
fludrocortisone,MEDICINES FOR ENDOCRINE DISORDERS: Adrenal hormones and synthetic substitutes,,,
fluorescein,DIAGNOSTIC AGENTS: Ophthalmic medicines,,,
folic acid,MEDICINES AFFECTING THE BLOOD: Antianaemia medicines,,,
fosfomycin,ANTI-INFECTIVE MEDICINES: Reserve group antibiotics,,,
fresh-frozen plasma,BLOOD PRODUCTS OF HUMAN ORIGIN AND PLASMA SUBSTITUTES: Blood and blood components,,,
glatiramer acetate,MEDICINES FOR DISEASES OF THE NERVOUS SYSTEM: Medicines for multiple sclerosis,,,
gliclazide,MEDICINES FOR ENDOCRINE DISORDERS: Oral hypoglycaemic agents,,,
glucagon,MEDICINES FOR ENDOCRINE DISORDERS: Medicines for hypoglycaemia,,,
glutaral,ANTISEPTICS AND DISINFECTANTS: Disinfectants,,,
glyceryl trinitrate,CARDIOVASCULAR MEDICINES: Antianginal medicines,,,
Haemophilus influenzae type b vaccine,IMMUNOLOGICALS: Recommendations for all,,,
hepatitis A vaccine,IMMUNOLOGICALS: Recommendations for some high-risk populations,,,
hepatitis B vaccine,IMMUNOLOGICALS: Recommendations for all,,,
human papilloma virus (HPV) vaccine,IMMUNOLOGICALS: Recommendations for all,,,
hydroxycarbamide (hydroxyurea),Chronic myeloid leukaemia (Cytotoxic medicines),,Explicitly for or restricted to children (0-18 years),
hydroxychloroquine,MEDICINES FOR DISEASES OF JOINTS: Disease-modifying anti-rheumatic drugs (DMARDs),,,
hyoscine butylbromide,MEDICINES FOR PAIN AND PALLIATIVE CARE: Medicines for other common symptoms in palliative care,,,
ibrutinib,Relapsed/refractory chronic lymphocytic leukaemia,,,
influenza vaccine (seasonal),IMMUNOLOGICALS: Recommendations for immunization programmes with certain characteristics,,,
ipratropium bromide,MEDICINES ACTING ON THE RESPIRATORY TRACT: Antiasthmatic medicines and medicines for chronic obstructive pulmonary disease,,,
isoniazid + pyridoxine + sulfamethoxazole + trimethoprim,ANTI-INFECTIVE MEDICINES: Medicines for prevention of HIV-related opportunistic infections,,,
isoniazid + rifapentine,ANTI-INFECTIVE MEDICINES: Antituberculosis medicines,,,
isosorbide dinitrate,CARDIOVASCULAR MEDICINES: Antianginal medicines,,,
ivermectin,ANTI-INFECTIVE MEDICINES: Intestinal anthelminthics; Antifilarials; Medicines for ectoparasitic infections,,,
Japanese encephalitis vaccine,IMMUNOLOGICALS: Recommendations for certain regions,,,
lactulose,MEDICINES FOR PAIN AND PALLIATIVE CARE: Medicines for other common symptoms in palliative care,,Explicitly for or restricted to children (0-18 years),
latanoprost,OPHTHALMOLOGICAL PREPARATIONS: Miotics and antiglaucoma medicines,,,
ledipasvir + sofosbuvir,ANTI-INFECTIVE MEDICINES: Non-pangenotypic direct-acting antiviral combinations,,,
lenalidomide,Multiple myeloma,,,
letrozole,MEDICINES FOR REPRODUCTIVE HEALTH AND PERINATAL CARE: Ovulation inducers,,,
levodopa + carbidopa,MEDICINES FOR DISEASES OF THE NERVOUS SYSTEM: Medicines for parkinsonism,,,
levonorgestrel,MEDICINES FOR REPRODUCTIVE HEALTH AND PERINATAL CARE: Oral hormonal contraceptives,,,
levonorgestrel-releasing implant,MEDICINES FOR REPRODUCTIVE HEALTH AND PERINATAL CARE: Implantable contraceptives,,,
levonorgestrel-releasing intrauterine system,MEDICINES FOR REPRODUCTIVE HEALTH AND PERINATAL CARE: Intrauterine devices,,,
levothyroxine,MEDICINES FOR ENDOCRINE DISORDERS: Thyroid hormones and antithyroid medicines,,Explicitly for or restricted to children (0-18 years),
lithium carbonate,MEDICINES FOR MENTAL AND BEHAVIOURAL DISORDERS: Medicines for bipolar disorders,,,
loperamide,MEDICINES FOR PAIN AND PALLIATIVE CARE: Medicines for other common symptoms in palliative care,,,
magnesium sulfate,For use in eclampsia and severe pre-eclampsia and not for other convulsant disorders.,,,
mannitol,DIURETICS: DIURETICS,,Explicitly for or restricted to children (0-18 years),
measles vaccine,IMMUNOLOGICALS: Recommendations for all,,,
mefloquine,ANTI-INFECTIVE MEDICINES: Antimalarial medicines: For curative treatment; For chemoprevention,,,
meglumine antimoniate,ANTI-INFECTIVE MEDICINES: Antiprotozoal medicines: Antileishmaniasis medicines,,,
meglumine iotroxate,DIAGNOSTIC AGENTS: Radiocontrast media,,,
melarsoprol,ANTI-INFECTIVE MEDICINES: Medicines for the treatment of 2nd stage African trypanosomiasis,,Explicitly for or restricted to children (0-18 years),
meningococcal meningitis vaccine,IMMUNOLOGICALS: Recommendations for some high-risk populations,,,
meropenem + vaborbactam,ANTI-INFECTIVE MEDICINES: Reserve group antibiotics,,,
metformin,MEDICINES FOR ENDOCRINE DISORDERS: Oral hypoglycaemic agents,,Explicitly for or restricted to children (0-18 years),
methyldopa,CARDIOVASCULAR MEDICINES: Antihypertensive medicines,,,
methylthioninium chloride (methylene blue),ANTIDOTES AND OTHER SUBSTANCES USED IN POISONINGS: Specific,,,
miconazole,DERMATOLOGICAL MEDICINES: Antifungal medicines,,,
miltefosine,ANTI-INFECTIVE MEDICINES: Antiprotozoal medicines: Antileishmaniasis medicines,,,
mumps vaccine,IMMUNOLOGICALS: Recommendations for immunization programmes with certain characteristics,,,
mupirocin,DERMATOLOGICAL MEDICINES: Anti-infective medicines,,,
naloxone,ANTIDOTES AND OTHER SUBSTANCES USED IN POISONINGS: Specific,,,
natamycin,Fungal keratitis,,,
niclosamide,ANTI-INFECTIVE MEDICINES: Intestinal anthelminthics,,,
nicotinamide,VITAMINS AND MINERALS: VITAMINS AND MINERALS,,,
nifedipine,MEDICINES FOR REPRODUCTIVE HEALTH AND PERINATAL CARE: Antioxytocics (tocolytics),,,
nilotinib,Imatinib-resistant chronic myeloid leukaemia,,,
nivolumab,Metastatic melanoma,,,
norethisterone etate,MEDICINES FOR REPRODUCTIVE HEALTH AND PERINATAL CARE: Injectable hormonal contraceptives,,,
olanzapine,MEDICINES FOR MENTAL AND BEHAVIOURAL DISORDERS: Medicines for psychotic disorders,,,
oral rehydration salts – zinc sulfate,GASTROINTESTINAL MEDICINES: Medicines used in diarrhoea,,Explicitly for or restricted to children (0-18 years),
oseltamivir,Severe illness due to confirmed or suspected influenza virus infection in critically ill hospitalized patients,,,
oxamniquine,ANTI-INFECTIVE MEDICINES: Antischistosomals and other antitrematode medicines,,,
oxytocin,MEDICINES FOR REPRODUCTIVE HEALTH AND PERINATAL CARE: Uterotonics,,,
paliperidone,MEDICINES FOR MENTAL AND BEHAVIOURAL DISORDERS: Medicines for psychotic disorders,,,
p-aminosalicylate sodium,ANTI-INFECTIVE MEDICINES: Complementary List,,,
paromomycin,ANTI-INFECTIVE MEDICINES: Antiprotozoal medicines: Antileishmaniasis medicines,,,
penicillamine,ANTIDOTES AND OTHER SUBSTANCES USED IN POISONINGS; MEDICINES FOR DISEASES OF JOINTS: Specific; Disease-modifying anti-rheumatic drugs (DMARDs),,,
permethrin,DERMATOLOGICAL MEDICINES: Scabicides and pediculicides,,,
pertussis vaccine,IMMUNOLOGICALS: Recommendations for all,,,
pilocarpine,OPHTHALMOLOGICAL PREPARATIONS: Miotics and antiglaucoma medicines,,,
platelets,BLOOD PRODUCTS OF HUMAN ORIGIN AND PLASMA SUBSTITUTES: Blood and blood components,,,
plazomicin,ANTI-INFECTIVE MEDICINES: Reserve group antibiotics,,,
pneumococcal vaccine,IMMUNOLOGICALS: Recommendations for all,,,
podophyllum resin,DERMATOLOGICAL MEDICINES: Medicines affecting skin differentiation and proliferation,,,
poliomyelitis vaccine,IMMUNOLOGICALS: Recommendations for all,,,
polymyxin B,ANTI-INFECTIVE MEDICINES: Reserve group antibiotics,,,
potassium ferric hexacyano-ferrate(II) -2H2O (Prussian blue),ANTIDOTES AND OTHER SUBSTANCES USED IN POISONINGS: Specific,,,
potassium iodide,ANTI-INFECTIVE MEDICINES; MEDICINES FOR ENDOCRINE DISORDERS: Antifungal medicines; Thyroid hormones and antithyroid medicines,,Explicitly for or restricted to children (0-18 years),
potassium permanganate,DERMATOLOGICAL MEDICINES: Anti-infective medicines,,,
povidone iodine,ANTISEPTICS AND DISINFECTANTS: Antiseptics,,,
pretomanid,ANTI-INFECTIVE MEDICINES: Complementary List,,,
procarbazine,Hodgkin lymphoma,,Explicitly for or restricted to children (0-18 years),
progesterone vaginal ring,MEDICINES FOR REPRODUCTIVE HEALTH AND PERINATAL CARE: Intravaginal contraceptives,,,
proguanil,ANTI-INFECTIVE MEDICINES: Antiprotozoal medicines: Antimalarial medicines: For chemoprevention,,,
propranolol,ANTIMIGRAINE MEDICINES: For prophylaxis,,,
propylthiouracil,For use when alternative first-line treatment is not appropriate or available;  and in patients during the first trimester of pregcy. (Core List only),,Explicitly for or restricted to children (0-18 years),
prostaglandin E1,MEDICINES FOR REPRODUCTIVE HEALTH AND PERINATAL CARE: Other medicines administered to the neonate [c],,Explicitly for or restricted to children (0-18 years),
protamine sulfate,MEDICINES AFFECTING THE BLOOD: Medicines affecting coagulation,,Explicitly for or restricted to children (0-18 years),
pyrantel,ANTI-INFECTIVE MEDICINES: Intestinal anthelminthics,,,
pyridoxine,VITAMINS AND MINERALS: VITAMINS AND MINERALS,,,
pyrimethamine,ANTI-INFECTIVE MEDICINES: Antipneumocystosis and antitoxoplasmosis medicines,,,
rabies vaccine,IMMUNOLOGICALS: Recommendations for some high-risk populations,,,
rasburicase,Tumour lysis syndrome,,,
ravidasvir,ANTI-INFECTIVE MEDICINES: Pangenotypic direct-acting antiviral combinations,,,
ready-to-use therapeutic food,THERAPEUTIC FOODS: THERAPEUTIC FOODS,,Explicitly for or restricted to children (0-18 years),
realgar-Indigo naturalis formulation,Acute promyelocytic leukaemia,,,
red blood cells,BLOOD PRODUCTS OF HUMAN ORIGIN AND PLASMA SUBSTITUTES: Blood and blood components,,,
resin-based composite (high-viscosity),DENTAL MEDICINES AND PREPARATIONS: DENTAL MEDICINES AND PREPARATIONS,,,
resin-based composite (low-viscosity),DENTAL MEDICINES AND PREPARATIONS: DENTAL MEDICINES AND PREPARATIONS,,,
riboflavin,VITAMINS AND MINERALS: VITAMINS AND MINERALS,,,
rifabutin,For use only in patients with HIV receiving protease inhibitors.,,,
rifapentine,ANTI-INFECTIVE MEDICINES: Antituberculosis medicines,,,
rotavirus vaccine,IMMUNOLOGICALS: Recommendations for all,,,
rubella vaccine,IMMUNOLOGICALS: Recommendations for all,,,
salicylic acid,DERMATOLOGICAL MEDICINES: Medicines affecting skin differentiation and proliferation,,,
selenium sulfide,DERMATOLOGICAL MEDICINES: Antifungal medicines,,,
silver diamine fluoride,DENTAL MEDICINES AND PREPARATIONS: DENTAL MEDICINES AND PREPARATIONS,,,
silver sulfadiazine,DERMATOLOGICAL MEDICINES: Anti-infective medicines,,Age limit: > 2 months,
sodium calcium edetate,ANTIDOTES AND OTHER SUBSTANCES USED IN POISONINGS: Specific,,,
sodium nitrite,ANTIDOTES AND OTHER SUBSTANCES USED IN POISONINGS: Specific,,,
sodium nitroprusside,CARDIOVASCULAR MEDICINES: Antihypertensive medicines,,,
sodium stibogluconate,ANTI-INFECTIVE MEDICINES: Antiprotozoal medicines: Antileishmaniasis medicines,,,
sofosbuvir,ANTI-INFECTIVE MEDICINES: Pangenotypic direct-acting antiviral combinations,,,
sofosbuvir + velpatasvir,ANTI-INFECTIVE MEDICINES: Pangenotypic direct-acting antiviral combinations,,Explicitly for or restricted to children (0-18 years),
spectinomycin,ANTI-INFECTIVE MEDICINES: Access group antibiotics,Gonorrhoea,,
streptokinase,CARDIOVASCULAR MEDICINES: Thrombolytic medicines,,,
streptomycin,ANTI-INFECTIVE MEDICINES: Complementary List,,Explicitly for or restricted to children (0-18 years),
succimer,ANTIDOTES AND OTHER SUBSTANCES USED IN POISONINGS: Specific,,,
sulfadiazine,ANTI-INFECTIVE MEDICINES: Antipneumocystosis and antitoxoplasmosis medicines,,,
sumatriptan,ANTIMIGRAINE MEDICINES: For treatment of acute attack,,,
suramin sodium,ANTI-INFECTIVE MEDICINES: Medicines for the treatment of 1st stage African trypanosomiasis,,,
surfactant,MEDICINES FOR REPRODUCTIVE HEALTH AND PERINATAL CARE: Other medicines administered to the neonate [c],,Explicitly for or restricted to children (0-18 years),
suxamethonium,MUSCLE RELAXANTS (PERIPHERALLY-ACTING) AND CHOLINESTERASE INHIBITORS: MUSCLE RELAXANTS (PERIPHERALLY-ACTING) AND CHOLINESTERASE INHIBITORS,,,
tenofovir disoproxil fumarate,ANTI-INFECTIVE MEDICINES: Antiretrovirals: Nucleoside/Nucleotide reverse transcriptase inhibitors; Antihepatitis medicines: Medicines for hepatitis B: Nucleoside/Nucleotide reverse transcriptase inhibitors,,,
terbinafine,DERMATOLOGICAL MEDICINES: Antifungal medicines,,,
testosterone,MEDICINES FOR ENDOCRINE DISORDERS: Androgens,,,
tetanus vaccine,IMMUNOLOGICALS: Recommendations for all,,,
tetracaine,OPHTHALMOLOGICAL PREPARATIONS: Local anaesthetics,,,
thalidomide,Multiple myeloma,,,
thiamine,VITAMINS AND MINERALS: VITAMINS AND MINERALS,,,
tick-borne encephalitis vaccine,IMMUNOLOGICALS: Recommendations for certain regions,,,
timolol,OPHTHALMOLOGICAL PREPARATIONS: Miotics and antiglaucoma medicines,,,
tioguanine,Acute lymphoblastic leukaemia,,Explicitly for or restricted to children (0-18 years),
tranexamic acid,MEDICINES AFFECTING THE BLOOD; MEDICINES FOR REPRODUCTIVE HEALTH AND PERINATAL CARE: Medicines affecting coagulation; Other medicines administered to the mother,,,
triamcinolone hexacetonide,MEDICINES FOR DISEASES OF JOINTS: Medicines for juvenile joint diseases,,,
triclabendazole,ANTI-INFECTIVE MEDICINES: Antischistosomals and other antitrematode medicines,,,
typhoid vaccine,IMMUNOLOGICALS: Recommendations for some high-risk populations,,,
ulipristal,MEDICINES FOR REPRODUCTIVE HEALTH AND PERINATAL CARE: Oral hormonal contraceptives,,,
urea,DERMATOLOGICAL MEDICINES: Medicines affecting skin differentiation and proliferation,,,
varicella vaccine,IMMUNOLOGICALS: Recommendations for immunization programmes with certain characteristics,,,
vecuronium,MUSCLE RELAXANTS (PERIPHERALLY-ACTING) AND CHOLINESTERASE INHIBITORS: MUSCLE RELAXANTS (PERIPHERALLY-ACTING) AND CHOLINESTERASE INHIBITORS,,,
whole blood,BLOOD PRODUCTS OF HUMAN ORIGIN AND PLASMA SUBSTITUTES: Blood and blood components,,,
yellow fever vaccine,IMMUNOLOGICALS: Recommendations for certain regions,,,
zinc sulfate,In acute diarrhoea zinc sulfate should be used as an adjunct to oral rehydration salts.,,,
