medicine_name,generic_name,list_type,main_category,sub_category_1,sub_category_2,form,dosage_concentration,salt_form,container_type,container_volume,specific_indication,preparation_instruction,additional_notes,first_choice_indications,second_choice_indications
abacavir,abacavir,Core,ANTI-INFECTIVE MEDICINES,Antiviral medicines,Antiretrovirals: Nucleoside/Nucleotide reverse transcriptase inhibitors,Tablet,300 mg,as sulfate,,,,,,,
abiraterone,abiraterone,Complementary,IMMUNOMODULATORS AND ANTINEOPLASTICS,Hormones and antihormones,Hormones and antihormones,Tablet,250 mg; 500 mg,,,,Metastatic castration-resistant prostate cancer,,Therapeutic alternatives: - enzalutamide,,
acamprosate calcium,acamprosate calcium,Core,MEDICINES FOR MENTAL AND BEHAVIOURAL DISORDERS,Medicines for disorders due to psychoactive substance use,Medicines for alcohol use disorders,Tablet,333 mg,calcium,,,,,,,
acetazolamide,acetazolamide,Core,OPHTHALMOLOGICAL PREPARATIONS,Miotics and antiglaucoma medicines,Miotics and antiglaucoma medicines,Tablet,250 mg,,,,,,,,
all-trans retinoid acid (ATRA),all-trans retinoid acid (ATRA),Complementary,IMMUNOMODULATORS AND ANTINEOPLASTICS,Targeted therapies,Targeted therapies,Capsule,10 mg,,,,Acute promyelocytic leukaemia,,,,
alteplase,alteplase,Complementary,CARDIOVASCULAR MEDICINES,Antithrombotic medicines: Thrombolytic medicines,Antithrombotic medicines: Thrombolytic medicines,Powder for injection,10 mg; 20 mg; 50 mg,,vial,,,,,,
amidotrizoate,amidotrizoate,Core,DIAGNOSTIC AGENTS,Radiocontrast media,Radiocontrast media,Injection,140 mg to 420 mg iodine/mL,as sodium or meglumine salt,20 mL ampoule,,,,Therapeutic alternatives to be reviewed,,
amiloride,amiloride,Core,DIURETICS,DIURETICS,DIURETICS,Tablet,5 mg,hydrochloride,,,,,,,
amitriptyline,amitriptyline,Core,MEDICINES FOR PAIN AND PALLIATIVE CARE;MEDICINES FOR MENTAL AND BEHAVIOURAL DISORDERS,Medicines for other common symptoms in palliative care;Medicines for mood disorders: Medicines for depressive disorders,Medicines for other common symptoms in palliative care;Medicines for mood disorders: Medicines for depressive disorders,Tablet,10 mg; 25 mg; 75 mg,hydrochloride (for 75mg in mental disorders),,,,,,,
amodiaquine,amodiaquine,Core,ANTI-INFECTIVE MEDICINES,Antiprotozoal medicines: Antimalarial medicines: For curative treatment,Antiprotozoal medicines: Antimalarial medicines: For curative treatment,Tablet,153 mg or 200 mg,as hydrochloride,,,,,To be used in combination with artesunate 50 mg.,,
amodiaquine – sulfadoxine + pyrimethamine,amodiaquine – sulfadoxine + pyrimethamine,Core,ANTI-INFECTIVE MEDICINES,Antiprotozoal medicines: Antimalarial medicines: For chemoprevention,Antiprotozoal medicines: Antimalarial medicines: For chemoprevention,Co-packaged dispersible tablets,amodiaquine 76.5 mg (as hydrochloride) [3] and sulfadoxine + pyrimethamine 250 mg + 12.5 mg [1]; amodiaquine 153 mg (as hydrochloride) [3] and sulfadoxine + pyrimethamine 500 mg + 25 mg [1],as hydrochloride,,,,,[c],,
amphotericin B,amphotericin B,Core,ANTI-INFECTIVE MEDICINES,Antifungal medicines;Antiprotozoal medicines: Antileishmaniasis medicines,Antifungal medicines;Antiprotozoal medicines: Antileishmaniasis medicines,Powder for injection,50 mg,liposomal complex;as sodium deoxycholate,vial,,,,Liposomal amphotericin B has a better safety profile than the sodium deoxycholate formulation and should be prioritized for selection and use depending on local availability and cost.,,
ansuvimab,ansuvimab,Core,ANTI-INFECTIVE MEDICINES,Medicines for Ebola virus disease,Medicines for Ebola virus disease,Powder for injection,400 mg,,,,,,,,
anti-D immunoglobulin,anti-D immunoglobulin,Core,BLOOD PRODUCTS OF HUMAN ORIGIN AND PLASMA SUBSTITUTES,Plasma-derived medicines: Human immunoglobulins,Plasma-derived medicines: Human immunoglobulins,Injection,250 micrograms,,single-dose vial,,,,,,
anti-rabies immunoglobulin,anti-rabies immunoglobulin,Core,BLOOD PRODUCTS OF HUMAN ORIGIN AND PLASMA SUBSTITUTES,Plasma-derived medicines: Human immunoglobulins,Plasma-derived medicines: Human immunoglobulins,Injection,150 IU/mL,,vial,,,,,,
anti-tetanus immunoglobulin,anti-tetanus immunoglobulin,Core,BLOOD PRODUCTS OF HUMAN ORIGIN AND PLASMA SUBSTITUTES,Plasma-derived medicines: Human immunoglobulins,Plasma-derived medicines: Human immunoglobulins,Injection,500 IU,,vial,,,,,,
arsenic trioxide,arsenic trioxide,Complementary,IMMUNOMODULATORS AND ANTINEOPLASTICS,Cytotoxic medicines,Cytotoxic medicines,Concentrate for solution for infusion,1 mg/mL; 2 mg/mL,,,,Acute promyelocytic leukaemia,,,,
artemether,artemether,Core,ANTI-INFECTIVE MEDICINES,Antiprotozoal medicines: Antimalarial medicines: For curative treatment,Antiprotozoal medicines: Antimalarial medicines: For curative treatment,Oily injection,80 mg/mL,,1 mL ampoule,,For use in the management of severe malaria.,,,,
artemether + lumefantrine,artemether + lumefantrine,Core,ANTI-INFECTIVE MEDICINES,Antiprotozoal medicines: Antimalarial medicines: For curative treatment,Antiprotozoal medicines: Antimalarial medicines: For curative treatment,Tablet;Tablet (dispersible),20 mg + 120 mg,,,,,,*Not recommended in the first trimester of pregnancy or in children below 5 kg. [c] for dispersible tablet.,,
artesunate + mefloquine,artesunate + mefloquine,Core,ANTI-INFECTIVE MEDICINES,Antiprotozoal medicines: Antimalarial medicines: For curative treatment,Antiprotozoal medicines: Antimalarial medicines: For curative treatment,Tablet,25 mg + 55 mg; 100 mg + 220 mg,,,,,,,,
asparaginase,asparaginase,Complementary,IMMUNOMODULATORS AND ANTINEOPLASTICS,Cytotoxic medicines,Cytotoxic medicines,Powder for injection,10 000 IU,,vial,,Acute lymphoblastic leukaemia,,*including quality-assured biosimilars,,
atazanavir + ritonavir,atazanavir + ritonavir,Core,ANTI-INFECTIVE MEDICINES,Antiviral medicines,Antiretrovirals: Protease inhibitors,Tablet (heat stable),300 mg + 100 mg,as sulfate,,,,,,,
atoltivimab + maftivimab + odesivimab,atoltivimab + maftivimab + odesivimab,Core,ANTI-INFECTIVE MEDICINES,Medicines for Ebola virus disease,Medicines for Ebola virus disease,Injection,241.7 mg + 241.7 mg + 241.7 mg,,14.5 mL vial,,,,,,
atracurium,atracurium,Core,MUSCLE RELAXANTS (PERIPHERALLY-ACTING) AND CHOLINESTERASE INHIBITORS,MUSCLE RELAXANTS (PERIPHERALLY-ACTING) AND CHOLINESTERASE INHIBITORS,MUSCLE RELAXANTS (PERIPHERALLY-ACTING) AND CHOLINESTERASE INHIBITORS,Injection,10 mg/mL,besylate,,,,,Therapeutic alternatives to be reviewed,,
barium sulfate,barium sulfate,Core;Complementary,DIAGNOSTIC AGENTS,Radiocontrast media,Radiocontrast media,Aqueous suspension,,,,,,,[c] (Complementary List only),,
BCG vaccine,BCG vaccine,Core,IMMUNOLOGICALS,Vaccines,Recommendations for all,,,,,,,,,,
bedaquiline,bedaquiline,Complementary,ANTI-INFECTIVE MEDICINES,Antituberculosis medicines: Complementary List,Complementary List,Tablet,20 mg; 100 mg,,,,,,[c] for 20 mg tablet,,
benzathine benzylpenicillin,benzathine benzylpenicillin,Core,ANTI-INFECTIVE MEDICINES,Antibacterials,Access group antibiotics,Powder for injection,1.2 million IU ( ≈ 900 mg); 2.4 million IU ( ≈ 1.8 g),,vial,,,,[c] for 1.2 million IU,Syphilis,
benzoyl peroxide,benzoyl peroxide,Core,DERMATOLOGICAL MEDICINES,Medicines affecting skin differentiation and proliferation,Medicines affecting skin differentiation and proliferation,Cream or lotion,5%,,,,,,,,
benzyl benzoate,benzyl benzoate,Core,DERMATOLOGICAL MEDICINES,Scabicides and pediculicides,Scabicides and pediculicides,Lotion,25%,,,,,,a > 2 years. Therapeutic alternatives: - precipitated sulfur topical ointment,,
bevacizumab,bevacizumab,Complementary,OPHTHALMOLOGICAL PREPARATIONS,Anti-vascular endothelial growth factor (VEGF) preparations,Anti-vascular endothelial growth factor (VEGF) preparations,Injection,25 mg/mL,,,,,,*including quality-assured biosimilars,,
bortezomib,bortezomib,Complementary,IMMUNOMODULATORS AND ANTINEOPLASTICS,Targeted therapies,Targeted therapies,Powder for injection,3.5 mg,,vial,,Multiple myeloma,,,,
bupropion,bupropion,Core,MEDICINES FOR MENTAL AND BEHAVIOURAL DISORDERS,Medicines for disorders due to psychoactive substance use,Medicines for nicotine use disorders,Tablet (sustained-release),150 mg,hydrochloride,,,,,,,
cabergoline,cabergoline,Core,MEDICINES FOR ENDOCRINE DISORDERS,Medicines for disorders of the pituitary hormone system,Medicines for disorders of the pituitary hormone system,Tablet,0.5 mg; 1 mg,,,,,,Therapeutic alternatives: - bromocriptine,,
caffeine citrate,caffeine citrate,Core,MEDICINES FOR REPRODUCTIVE HEALTH AND PERINATAL CARE,Other medicines administered to the neonate [c],Other medicines administered to the neonate [c],Injection;Oral liquid,20 mg/mL (equivalent to 10 mg caffeine base/mL),,,,,,,,
calamine,calamine,Core,DERMATOLOGICAL MEDICINES,Anti-inflammatory and antipruritic medicines,Anti-inflammatory and antipruritic medicines,Lotion,,,,,,,,,
calcium,calcium,Core,VITAMINS AND MINERALS,VITAMINS AND MINERALS,VITAMINS AND MINERALS,Tablet,500 mg,elemental,,,,,,,
calcium gluconate,calcium gluconate,Core;Complementary,ANTIDOTES AND OTHER SUBSTANCES USED IN POISONINGS;VITAMINS AND MINERALS,Specific;VITAMINS AND MINERALS,Specific;VITAMINS AND MINERALS,Injection,100 mg/mL,,10 mL ampoule,,,,,,
carbetocin,carbetocin,Core,MEDICINES FOR REPRODUCTIVE HEALTH AND PERINATAL CARE,Uterotonics,Uterotonics,Injection (heat stable),100 micrograms/mL,,,,,,,,
cefazolin,cefazolin,Core,ANTI-INFECTIVE MEDICINES,Antibacterials,Access group antibiotics,Powder for injection,1 g,as sodium salt,vial,,,,a > 1 month.,Surgical prophylaxis,Bone and joint infections
cefiderocol,cefiderocol,Complementary,ANTI-INFECTIVE MEDICINES,Antibacterials,Reserve group antibiotics,Powder for injection,1 g,as sulfate toxylate,vial,,,,,,
ceftazidime,ceftazidime,Complementary,ANTI-INFECTIVE MEDICINES,Antibacterials: Complementary List;Reserve group antibiotics,Complementary List;Reserve group antibiotics,Powder for injection,250 mg; 1 g,as pentahydrate;as sulfate,vial,,,,,Endophthalmitis (Complementary List only),
ceftazidime + avibactam,ceftazidime + avibactam,Complementary,ANTI-INFECTIVE MEDICINES,Antibacterials,Reserve group antibiotics,Powder for injection,2 g + 0.5 g,,vial,,,,,,
ceftolozane + tazobactam,ceftolozane + tazobactam,Complementary,ANTI-INFECTIVE MEDICINES,Antibacterials,Reserve group antibiotics,Powder for injection,1 g + 0.5 g,,vial,,,,,,
cefuroxime,cefuroxime,Core,ANTI-INFECTIVE MEDICINES,Antibacterials,Watch group antibiotics,Powder for injection,250 mg; 750 mg; 1.5 g,as sodium,vial,,,,,,Surgical prophylaxis
chlorambucil,chlorambucil,Complementary,IMMUNOMODULATORS AND ANTINEOPLASTICS,Cytotoxic medicines,Cytotoxic medicines,Tablet,2 mg,,,,Chronic lymphocytic leukaemia,,,,
chloramphenicol,chloramphenicol,Core,ANTI-INFECTIVE MEDICINES,Antibacterials,Access group antibiotics,Oily suspension for injection;Powder for injection,0.5 g/mL, 1 g,as sodium succinate,2 mL ampoule;vial,,,*Only for the presumptive treatment of epidemic meningitis in children older than 2 years and in adults.,,Acute bacterial meningitis
chlorine base compound,chlorine base compound,Core,ANTISEPTICS AND DISINFECTANTS,Disinfectants,Disinfectants,Liquid;Powder;Solid,0.1% available chlorine,,,,,for solution,,,
chloroxylenol,chloroxylenol,Core,ANTISEPTICS AND DISINFECTANTS,Disinfectants,Disinfectants,Solution,4.8%,,,,,,Therapeutic alternatives: - 4th level ATC chemical subgroup (D08AE Phenol and derivatives),,
cholera vaccine,cholera vaccine,Core,IMMUNOLOGICALS,Vaccines,Recommendations for some high-risk populations,,,,,,,,,,
cladribine,cladribine,Complementary,MEDICINES FOR DISEASES OF THE NERVOUS SYSTEM,Medicines for multiple sclerosis,Medicines for multiple sclerosis,Tablet,10 mg,,,,,,,,
clofazimine,clofazimine,Core;Complementary,ANTI-INFECTIVE MEDICINES,Antileprosy medicines;Antituberculosis medicines: Complementary List,Antileprosy medicines;Complementary List,Solid oral dosage form,50 mg; 100 mg,,,,,,,,
clomifene,clomifene,Complementary,MEDICINES FOR REPRODUCTIVE HEALTH AND PERINATAL CARE,Ovulation inducers,Ovulation inducers,Tablet,50 mg,citrate,,,,,,,
clomipramine,clomipramine,Core,MEDICINES FOR MENTAL AND BEHAVIOURAL DISORDERS,Medicines for obsessive compulsive disorders,Medicines for obsessive compulsive disorders,Capsule,10 mg; 25 mg,hydrochloride,,,,,,,
clopidogrel,clopidogrel,Core,CARDIOVASCULAR MEDICINES,Antithrombotic medicines: Anti-platelet medicines,Antithrombotic medicines: Anti-platelet medicines,Tablet,75 mg; 300 mg,,,,,,,,
clotrimazole,clotrimazole,Core,ANTI-INFECTIVE MEDICINES,Antifungal medicines,Antifungal medicines,Vaginal cream;Vaginal tablet,1%; 10%, 100 mg; 500 mg,,,,,,,
clozapine,clozapine,Complementary,MEDICINES FOR MENTAL AND BEHAVIOURAL DISORDERS,Medicines for psychotic disorders,Medicines for psychotic disorders,Solid oral dosage form,25 to 200 mg,,,,,,,,
coagulation factor IX,coagulation factor IX,Complementary,BLOOD PRODUCTS OF HUMAN ORIGIN AND PLASMA SUBSTITUTES,Plasma-derived medicines: Blood coagulation factors,Plasma-derived medicines: Blood coagulation factors,Powder for injection,500 IU; 1000 IU,,vial,,,,Therapeutic alternatives: - coagulation factor IX complex,,
coagulation factor VIII,coagulation factor VIII,Complementary,BLOOD PRODUCTS OF HUMAN ORIGIN AND PLASMA SUBSTITUTES,Plasma-derived medicines: Blood coagulation factors,Plasma-derived medicines: Blood coagulation factors,Powder for injection,250 IU; 500 IU; 1000 IU,,vial,,,,,,
coal tar,coal tar,Core,DERMATOLOGICAL MEDICINES,Medicines affecting skin differentiation and proliferation,Medicines affecting skin differentiation and proliferation,Solution,5%,,,,,,,,
codeine,codeine,Core,MEDICINES FOR PAIN AND PALLIATIVE CARE,Opioid analgesics,Opioid analgesics,Tablet,30 mg,phosphate,,,,,,,
colistin,colistin,Complementary,ANTI-INFECTIVE MEDICINES,Antibacterials,Reserve group antibiotics,Powder for injection,1 million IU (as colistemethate sodium) (equivalent to 34 mg colistin base activity),,vial,,,,,,
condoms,condoms,Core,MEDICINES FOR REPRODUCTIVE HEALTH AND PERINATAL CARE,Contraceptives,Barrier methods,,,,,,,,,,
copper-containing device,copper-containing device,Core,MEDICINES FOR REPRODUCTIVE HEALTH AND PERINATAL CARE,Contraceptives,Intrauterine devices,,,,,,,,,,
cycloserine,cycloserine,Complementary,ANTI-INFECTIVE MEDICINES,Antituberculosis medicines: Complementary List,Complementary List,Solid oral dosage form,125 mg; 250 mg,,,,,,Therapeutic alternatives: - terizidone. [c] for 125 mg,,
dacarbazine,dacarbazine,Complementary,IMMUNOMODULATORS AND ANTINEOPLASTICS,Cytotoxic medicines,Cytotoxic medicines,Powder for injection,100 mg; 200 mg,,vial,,Hodgkin lymphoma,,,,
daclatasvir,daclatasvir,Core,ANTI-INFECTIVE MEDICINES,Antiviral medicines: Medicines for hepatitis C,Pangenotypic direct-acting antiviral combinations,Tablet,30 mg; 60 mg,as hydrochloride,,,,,*Pangenotypic when used in combination with sofosbuvir,,
daclatasvir + sofosbuvir,daclatasvir + sofosbuvir,Core,ANTI-INFECTIVE MEDICINES,Antiviral medicines: Medicines for hepatitis C,Pangenotypic direct-acting antiviral combinations,Tablet,60 mg + 400 mg,,,,,,,,
dapsone,dapsone,Core,ANTI-INFECTIVE MEDICINES,Antileprosy medicines,Antileprosy medicines,Tablet,25 mg; 50 mg; 100 mg,,,,,,,,
darunavir,darunavir,Core,ANTI-INFECTIVE MEDICINES,Antiviral medicines,Antiretrovirals: Protease inhibitors,Tablet,75 mg; 400 mg; 600 mg; 800 mg,,,,,,a > 3 years,,
dasatinib,dasatinib,Complementary,IMMUNOMODULATORS AND ANTINEOPLASTICS,Targeted therapies,Targeted therapies,Tablet,20 mg; 50 mg; 70 mg; 80 mg; 100 mg; 140 mg,,,,Imatinib-resistant chronic myeloid leukaemia,,,,
deferoxamine,deferoxamine,Complementary,ANTIDOTES AND OTHER SUBSTANCES USED IN POISONINGS;MEDICINES AFFECTING THE BLOOD,Specific;Other medicines for haemoglobinopathies,Specific;Other medicines for haemoglobinopathies,Powder for injection,500 mg,mesilate,vial,,,,,,
dengue vaccine,dengue vaccine,Core,IMMUNOLOGICALS,Vaccines,Recommendations for some high-risk populations,,,,,,,,,,
dextran 70,dextran 70,Core,BLOOD PRODUCTS OF HUMAN ORIGIN AND PLASMA SUBSTITUTES,Plasma substitutes,Plasma substitutes,Injectable solution,6%,,,,,,Therapeutic alternatives: - polygeline injectable solution 3.5%,,
diaphragms,diaphragms,Core,MEDICINES FOR REPRODUCTIVE HEALTH AND PERINATAL CARE,Contraceptives,Barrier methods,,,,,,,,,,
diethylcarbamazine,diethylcarbamazine,Core,ANTI-INFECTIVE MEDICINES,Anthelminthics,Antifilarials,Tablet,50 mg; 100 mg,dihydrogen citrate,,,,,,,
dihydroartemisinin + piperaquine phosphate,dihydroartemisinin + piperaquine phosphate,Core,ANTI-INFECTIVE MEDICINES,Antiprotozoal medicines: Antimalarial medicines: For curative treatment,Antiprotozoal medicines: Antimalarial medicines: For curative treatment,Tablet,20 mg + 160 mg; 40 mg + 320 mg,phosphate,,,,,a > 5 kg,,
diloxanide,diloxanide,Core,ANTI-INFECTIVE MEDICINES,Antiprotozoal medicines: Antiamoebic and antigiardiasis medicines,Antiprotozoal medicines: Antiamoebic and antigiardiasis medicines,Tablet,500 mg,furoate,,,,,a > 25 kg.,,
dimercaprol,dimercaprol,Complementary,ANTIDOTES AND OTHER SUBSTANCES USED IN POISONINGS,Specific,Specific,Injection in oil,50 mg/mL,,2 mL ampoule,,,,,,
diphtheria vaccine,diphtheria vaccine,Core,IMMUNOLOGICALS,Vaccines,Recommendations for all,,,,,,,,,,
dopamine,dopamine,Complementary,CARDIOVASCULAR MEDICINES,Medicines used in heart failure,Medicines used in heart failure,Injection,40 mg/mL,hydrochloride,5 mL vial,,,,,,
efavirenz,efavirenz,Core,ANTI-INFECTIVE MEDICINES,Antiviral medicines,Antiretrovirals: Non-nucleoside reverse transcriptase inhibitors,Tablet,600 mg,,,,,,,,
eflornithine,eflornithine,Core,ANTI-INFECTIVE MEDICINES,Antiprotozoal medicines: Antitrypanosomal medicines: African trypanosomiasis,Medicines for the treatment of 2nd stage African trypanosomiasis,Injection,200 mg/mL,hydrochloride,50 mL bottle,,,,*To be used for the treatment of Trypanosoma brucei gambiense infection.,,
ergometrine,ergometrine,Core,MEDICINES FOR REPRODUCTIVE HEALTH AND PERINATAL CARE,Uterotonics,Uterotonics,Injection,200 micrograms,hydrogen maleate,1 mL ampoule,,,,Therapeutic alternatives: - methylergometrine,,
erythromycin,erythromycin,Core,OPHTHALMOLOGICAL PREPARATIONS,Anti-infective agents,Anti-infective agents,Ointment,0.5%,,,,Infections due to Chlamydia trachomatis or Neisseria gonorrhoea,,[c],,
estradiol cypionate + medroxyprogesterone acetate,estradiol cypionate + medroxyprogesterone acetate,Core,MEDICINES FOR REPRODUCTIVE HEALTH AND PERINATAL CARE,Contraceptives,Injectable hormonal contraceptives,Injection,5 mg + 25 mg,,,,,,,,
ethambutol + isoniazid + pyrazinamide + rifampicin,ethambutol + isoniazid + pyrazinamide + rifampicin,Core,ANTI-INFECTIVE MEDICINES,Antituberculosis medicines,Antituberculosis medicines,Tablet,275 mg + 75 mg + 400 mg + 150 mg,,,,,,,,
ethambutol + isoniazid + rifampicin,ethambutol + isoniazid + rifampicin,Core,ANTI-INFECTIVE MEDICINES,Antituberculosis medicines,Antituberculosis medicines,Tablet,275 mg + 75 mg + 150 mg,,,,,,,,
ethanol,ethanol,Core,ANTISEPTICS AND DISINFECTANTS,Antiseptics,Antiseptics,Solution,70%,denatured,,,,,Therapeutic alternatives: - propanol,,
ethinylestradiol + etonogestrel,ethinylestradiol + etonogestrel,Core,MEDICINES FOR REPRODUCTIVE HEALTH AND PERINATAL CARE,Contraceptives,Intravaginal contraceptives,Vaginal ring,containing 2.7 mg + 11.7 mg,,,,,,,,
ethinylestradiol + levonorgestrel,ethinylestradiol + levonorgestrel,Core,MEDICINES FOR REPRODUCTIVE HEALTH AND PERINATAL CARE,Contraceptives,Oral hormonal contraceptives,Tablet,30 micrograms + 150 micrograms,,,,,,Therapeutic alternatives to be reviewed,,
ethinylestradiol + norethisterone,ethinylestradiol + norethisterone,Core,MEDICINES FOR REPRODUCTIVE HEALTH AND PERINATAL CARE,Contraceptives,Oral hormonal contraceptives,Tablet,35 micrograms + 1 mg,,,,,,Therapeutic alternatives to be reviewed,,
etonogestrel-releasing implant,etonogestrel-releasing implant,Core,MEDICINES FOR REPRODUCTIVE HEALTH AND PERINATAL CARE,Contraceptives,Implantable contraceptives,Single-rod etonogestrel-releasing implant,containing 68 mg of etonogestrel,,,,,,,,
fentanyl,fentanyl,Core,MEDICINES FOR PAIN AND PALLIATIVE CARE,Opioid analgesics,Opioid analgesics,Transdermal patch,12 micrograms/hr; 25 micrograms/hr; 50 micrograms/hr; 75 micrograms/hr; 100 micrograms/hr,,,,For the management of cancer pain,,,,
fexinidazole,fexinidazole,Core,ANTI-INFECTIVE MEDICINES,Antiprotozoal medicines: Antitrypanosomal medicines: African trypanosomiasis,Medicines for the treatment of 1st stage African trypanosomiasis,Tablet,600 mg,,,,For the treatment of 1st and 2nd stage of human African trypanosomiasis due to Trypanosoma brucei gambiense infection.,,,,
fludrocortisone,fludrocortisone,Core,MEDICINES FOR ENDOCRINE DISORDERS,Adrenal hormones and synthetic substitutes,Adrenal hormones and synthetic substitutes,Tablet,100 micrograms,acetate,,,,,,,
fluorescein,fluorescein,Core,DIAGNOSTIC AGENTS,Ophthalmic medicines,Ophthalmic medicines,Eye drops,1%,sodium salt,,,,,,,
folic acid,folic acid,Core,MEDICINES AFFECTING THE BLOOD,Antianaemia medicines,Antianaemia medicines,Tablet,400 micrograms; 1 mg; 5 mg,,,,,,*periconceptual use for prevention of first occurrence of neural tube defects,,
fosfomycin,fosfomycin,Complementary,ANTI-INFECTIVE MEDICINES,Antibacterials,Reserve group antibiotics,Powder for injection,2 g; 4 g,as sodium,vial,,,,,,
fresh-frozen plasma,fresh-frozen plasma,Core,BLOOD PRODUCTS OF HUMAN ORIGIN AND PLASMA SUBSTITUTES,Blood and blood components,Blood and blood components,,,,,,,,All preparations should comply with the WHO requirements.,,
glatiramer acetate,glatiramer acetate,Complementary,MEDICINES FOR DISEASES OF THE NERVOUS SYSTEM,Medicines for multiple sclerosis,Medicines for multiple sclerosis,Injection (subcutaneous),20 mg/mL; 40 mg/mL,,pre-filled syringe,,,,,,
gliclazide,gliclazide,Core,MEDICINES FOR ENDOCRINE DISORDERS,Medicines for diabetes,Oral hypoglycaemic agents,Solid oral dosage form (controlled-release tablets),30 mg; 60 mg; 80 mg,,,,,,*glibenclamide not suitable above 60 years. Therapeutic alternatives: - 4th level ATC chemical subgroup (A10BB Sulfonylureas),,
glucagon,glucagon,Core,MEDICINES FOR ENDOCRINE DISORDERS,Medicines for hypoglycaemia,Medicines for hypoglycaemia,Injection,1 mg/mL,,,,,,,,
glutaral,glutaral,Core,ANTISEPTICS AND DISINFECTANTS,Disinfectants,Disinfectants,Solution,2%,,,,,,,,
glyceryl trinitrate,glyceryl trinitrate,Core,CARDIOVASCULAR MEDICINES,Antianginal medicines,Antianginal medicines,Tablet (sublingual),500 micrograms,,,,,,,,
Haemophilus influenzae type b vaccine,Haemophilus influenzae type b vaccine,Core,IMMUNOLOGICALS,Vaccines,Recommendations for all,,,,,,,,,,
hepatitis A vaccine,hepatitis A vaccine,Core,IMMUNOLOGICALS,Vaccines,Recommendations for some high-risk populations,,,,,,,,,,
hepatitis B vaccine,hepatitis B vaccine,Core,IMMUNOLOGICALS,Vaccines,Recommendations for all,,,,,,,,,,
human papilloma virus (HPV) vaccine,human papilloma virus (HPV) vaccine,Core,IMMUNOLOGICALS,Vaccines,Recommendations for all,,,,,,,,,,
hydroxycarbamide (hydroxyurea),hydroxycarbamide (hydroxyurea),Complementary,IMMUNOMODULATORS AND ANTINEOPLASTICS;MEDICINES AFFECTING THE BLOOD,Cytotoxic medicines;Other medicines for haemoglobinopathies,Cytotoxic medicines;Other medicines for haemoglobinopathies,Solid oral dosage form,100 mg; 200 mg; 300 mg; 400 mg; 500 mg; 1 g,,,,Chronic myeloid leukaemia (Cytotoxic medicines),,[c] for 100 mg tablet,,
hydroxychloroquine,hydroxychloroquine,Complementary,MEDICINES FOR DISEASES OF JOINTS,Disease-modifying anti-rheumatic drugs (DMARDs),Disease-modifying anti-rheumatic drugs (DMARDs),Solid oral dosage form,200 mg,as sulfate,,,,,,,
hyoscine butylbromide,hyoscine butylbromide,Core,MEDICINES FOR PAIN AND PALLIATIVE CARE,Medicines for other common symptoms in palliative care,Medicines for other common symptoms in palliative care,Injection,20 mg/mL,,,,,,,,
ibrutinib,ibrutinib,Complementary,IMMUNOMODULATORS AND ANTINEOPLASTICS,Targeted therapies,Targeted therapies,Capsule,140 mg,,,,Relapsed/refractory chronic lymphocytic leukaemia,,,,
influenza vaccine (seasonal),influenza vaccine (seasonal),Core,IMMUNOLOGICALS,Vaccines,Recommendations for immunization programmes with certain characteristics,,,,,,,,,,
ipratropium bromide,ipratropium bromide,Core,MEDICINES ACTING ON THE RESPIRATORY TRACT,Antiasthmatic medicines and medicines for chronic obstructive pulmonary disease,Antiasthmatic medicines and medicines for chronic obstructive pulmonary disease,Inhalation (aerosol),20 micrograms/metered dose,,,,,,,,
isoniazid + pyridoxine + sulfamethoxazole + trimethoprim,isoniazid + pyridoxine + sulfamethoxazole + trimethoprim,Core,ANTI-INFECTIVE MEDICINES,Antiviral medicines,Medicines for prevention of HIV-related opportunistic infections,Tablet (scored),300 mg + 25 mg + 800 mg + 160 mg,,,,,,,,
isoniazid + rifapentine,isoniazid + rifapentine,Core,ANTI-INFECTIVE MEDICINES,Antituberculosis medicines,Antituberculosis medicines,Tablet (scored),300 mg + 300 mg,,,,,,,,
isosorbide dinitrate,isosorbide dinitrate,Core,CARDIOVASCULAR MEDICINES,Antianginal medicines,Antianginal medicines,Tablet (sublingual),5 mg,,,,,,,,
ivermectin,ivermectin,Core,ANTI-INFECTIVE MEDICINES,Anthelminthics: Intestinal anthelminthics;Antifilarials;Medicines for ectoparasitic infections,Intestinal anthelminthics;Antifilarials;Medicines for ectoparasitic infections,Tablet,3 mg,,,,,,,,
Japanese encephalitis vaccine,Japanese encephalitis vaccine,Core,IMMUNOLOGICALS,Vaccines,Recommendations for certain regions,,,,,,,,,,
lactulose,lactulose,Core,MEDICINES FOR PAIN AND PALLIATIVE CARE,Medicines for other common symptoms in palliative care,Medicines for other common symptoms in palliative care,Oral liquid,3.1 to 3.7 g/5 mL,,,,,,[c],,
latanoprost,latanoprost,Core,OPHTHALMOLOGICAL PREPARATIONS,Miotics and antiglaucoma medicines,Miotics and antiglaucoma medicines,Solution (eye drops),50 micrograms/mL,,,,,,,,
ledipasvir + sofosbuvir,ledipasvir + sofosbuvir,Core,ANTI-INFECTIVE MEDICINES,Antiviral medicines: Medicines for hepatitis C,Non-pangenotypic direct-acting antiviral combinations,Tablet,90 mg + 400 mg,,,,,,,,
lenalidomide,lenalidomide,Complementary,IMMUNOMODULATORS AND ANTINEOPLASTICS,Immunomodulators,Immunomodulators,Capsule,25 mg,,,,Multiple myeloma,,,,
letrozole,letrozole,Complementary,MEDICINES FOR REPRODUCTIVE HEALTH AND PERINATAL CARE,Ovulation inducers,Ovulation inducers,Solid oral dosage form,2.5 mg,,,,,,Therapeutic alternatives: - anastrozole,,
levodopa + carbidopa,levodopa + carbidopa,Core,MEDICINES FOR DISEASES OF THE NERVOUS SYSTEM,Medicines for parkinsonism,Medicines for parkinsonism,Tablet,100 mg + 10 mg; 100 mg + 25 mg; 250 mg + 25 mg,,,,,,Therapeutic alternatives: - benserazide (for carbidopa),,
levonorgestrel,levonorgestrel,Core,MEDICINES FOR REPRODUCTIVE HEALTH AND PERINATAL CARE,Contraceptives,Oral hormonal contraceptives,Tablet,30 micrograms; 750 micrograms (pack of two); 1.5 mg,,,,,,,,
levonorgestrel-releasing implant,levonorgestrel-releasing implant,Core,MEDICINES FOR REPRODUCTIVE HEALTH AND PERINATAL CARE,Contraceptives,Implantable contraceptives,Two-rod levonorgestrel-releasing implant,each rod containing 75 mg of levonorgestrel (150 mg total),,,,,,,,
levonorgestrel-releasing intrauterine system,levonorgestrel-releasing intrauterine system,Core,MEDICINES FOR REPRODUCTIVE HEALTH AND PERINATAL CARE,Contraceptives,Intrauterine devices,Intrauterine system,with reservoir containing 52 mg of levonorestrel,,,,,,,,
levothyroxine,levothyroxine,Core,MEDICINES FOR ENDOCRINE DISORDERS,Thyroid hormones and antithyroid medicines,Thyroid hormones and antithyroid medicines,Tablet,25 micrograms; 50 micrograms; 100 micrograms,sodium salt,,,,,[c] for 25 micrograms tablet,,
lithium carbonate,lithium carbonate,Core,MEDICINES FOR MENTAL AND BEHAVIOURAL DISORDERS,Medicines for mood disorders,Medicines for bipolar disorders,Solid oral dosage form,300 mg,,,,,,,,
loperamide,loperamide,Core,MEDICINES FOR PAIN AND PALLIATIVE CARE,Medicines for other common symptoms in palliative care,Medicines for other common symptoms in palliative care,Solid oral dosage form,2 mg,,,,,,,,
magnesium sulfate,magnesium sulfate,Core,MEDICINES FOR DISEASES OF THE NERVOUS SYSTEM,Antiseizure medicines,Antiseizure medicines,Injection,0.5 g/mL (equivalent to 1 g in 2 mL; 50% weight/volume); 0.5 g/mL (equivalent to 5 g in 10 mL; 50% weight/volume),,2 mL ampoule; 10 mL ampoule,,For use in eclampsia and severe pre-eclampsia and not for other convulsant disorders.,,,,
mannitol,mannitol,Core;Complementary,DIURETICS,DIURETICS,DIURETICS,Injectable solution,10%; 20%,,,,,,[c] (Complementary List only),,
measles vaccine,measles vaccine,Core,IMMUNOLOGICALS,Vaccines,Recommendations for all,,,,,,,,,,
mefloquine,mefloquine,Core,ANTI-INFECTIVE MEDICINES,Antiprotozoal medicines: Antimalarial medicines: For curative treatment;For chemoprevention,Antimalarial medicines: For curative treatment;For chemoprevention,Tablet,250 mg,as hydrochloride,,,,,*To be used in combination with artesunate 50 mg (For curative treatment). a > 5 kg or > 3 months (For chemoprevention).,,
meglumine antimoniate,meglumine antimoniate,Core,ANTI-INFECTIVE MEDICINES,Antiprotozoal medicines: Antileishmaniasis medicines,Antiprotozoal medicines: Antileishmaniasis medicines,Injection,1.5 g/5 mL,,5 mL ampoule,,,,,,
meglumine iotroxate,meglumine iotroxate,Complementary,DIAGNOSTIC AGENTS,Radiocontrast media,Radiocontrast media,Solution,5 g to 8 g iodine in 100 mL to 250 mL,,,,,,Therapeutic alternatives to be reviewed,,
melarsoprol,melarsoprol,Core;Complementary,ANTI-INFECTIVE MEDICINES,Antiprotozoal medicines: Antitrypanosomal medicines: African trypanosomiasis,Medicines for the treatment of 2nd stage African trypanosomiasis,Injection,180 mg/5 mL,,5 mL ampoule,,,,[c] (Complementary List only),,
meningococcal meningitis vaccine,meningococcal meningitis vaccine,Core,IMMUNOLOGICALS,Vaccines,Recommendations for some high-risk populations,,,,,,,,,,
meropenem + vaborbactam,meropenem + vaborbactam,Complementary,ANTI-INFECTIVE MEDICINES,Antibacterials,Reserve group antibiotics,Powder for injection,1 g + 1 g,as trihydrate,vial,,,,,,
metformin,metformin,Core;Complementary,MEDICINES FOR ENDOCRINE DISORDERS,Medicines for diabetes,Oral hypoglycaemic agents,Tablet,500 mg,hydrochloride,,,,,[c] (Complementary List only),,
methyldopa,methyldopa,Core,CARDIOVASCULAR MEDICINES,Antihypertensive medicines,Antihypertensive medicines,Tablet,250 mg,,,,,,*Methyldopa is listed for use only in the management of pregnancy- induced hypertension. Its use in the treatment of essential hypertension is not recommended in view of the evidence of greater efficacy and safety of other medicines.,,
methylthioninium chloride (methylene blue),methylthioninium chloride (methylene blue),Core,ANTIDOTES AND OTHER SUBSTANCES USED IN POISONINGS,Specific,Specific,Injection,10 mg/mL,,10 mL ampoule,,,,,,
miconazole,miconazole,Core,DERMATOLOGICAL MEDICINES,Antifungal medicines,Antifungal medicines,Cream or ointment,2%,nitrate,,,,,Therapeutic alternatives: - 4th level ATC chemical subgroup (D01AC Imidazole and triazole derivatives) excluding combinations,,
miltefosine,miltefosine,Core,ANTI-INFECTIVE MEDICINES,Antiprotozoal medicines: Antileishmaniasis medicines,Antiprotozoal medicines: Antileishmaniasis medicines,Solid oral dosage form,10 mg; 50 mg,,,,,,,,
mumps vaccine,mumps vaccine,Core,IMMUNOLOGICALS,Vaccines,Recommendations for immunization programmes with certain characteristics,,,,,,,,,,
mupirocin,mupirocin,Core,DERMATOLOGICAL MEDICINES,Anti-infective medicines,Anti-infective medicines,Cream;Ointment,2%,as calcium,,,,,,,
naloxone,naloxone,Core,ANTIDOTES AND OTHER SUBSTANCES USED IN POISONINGS,Specific,Specific,Injection,400 micrograms,hydrochloride,1 mL ampoule,,,,,,
natamycin,natamycin,Core,OPHTHALMOLOGICAL PREPARATIONS,Anti-infective agents,Anti-infective agents,Suspension (eye drops),5%,,,,Fungal keratitis,,,,
niclosamide,niclosamide,Core,ANTI-INFECTIVE MEDICINES,Anthelminthics,Intestinal anthelminthics,Tablet (chewable),500 mg,,,,,,,,
nicotinamide,nicotinamide,Core,VITAMINS AND MINERALS,VITAMINS AND MINERALS,VITAMINS AND MINERALS,Tablet,50 mg,,,,,,,,
nifedipine,nifedipine,Core,MEDICINES FOR REPRODUCTIVE HEALTH AND PERINATAL CARE,Antioxytocics (tocolytics),Antioxytocics (tocolytics),Immediate-release capsule,10 mg,,,,,,,,
nilotinib,nilotinib,Complementary,IMMUNOMODULATORS AND ANTINEOPLASTICS,Targeted therapies,Targeted therapies,Capsule,150 mg; 200 mg,,,,Imatinib-resistant chronic myeloid leukaemia,,,,
nivolumab,nivolumab,Complementary,IMMUNOMODULATORS AND ANTINEOPLASTICS,Immunomodulators,Immunomodulators,Concentrate solution for infusion,10 mg/mL,,,,Metastatic melanoma,,*including quality-assured biosimilars. Therapeutic alternatives: - pembrolizumab,,
norethisterone enantate,norethisterone enantate,Core,MEDICINES FOR REPRODUCTIVE HEALTH AND PERINATAL CARE,Contraceptives,Injectable hormonal contraceptives,Oily solution,200 mg/mL,,1 mL ampoule,,,,,,
olanzapine,olanzapine,Core,MEDICINES FOR MENTAL AND BEHAVIOURAL DISORDERS,Medicines for psychotic disorders,Medicines for psychotic disorders,Powder for injection,10 mg,,vial,,,,,,
oral rehydration salts – zinc sulfate,oral rehydration salts – zinc sulfate,Core,GASTROINTESTINAL MEDICINES,Medicines used in diarrhoea,Medicines used in diarrhoea,Co-package containing,ORS powder for dilution (see Section 17.5.1) – zinc sulfate solid oral dosage form 20 mg (see Section 17.5.2),,,,,,[c],,
oseltamivir,oseltamivir,Complementary,ANTI-INFECTIVE MEDICINES,Antiviral medicines: Other antivirals,Other antivirals,Capsule,30 mg; 45 mg; 75 mg,as phosphate,,,Severe illness due to confirmed or suspected influenza virus infection in critically ill hospitalized patients,,*Severity of illness due to confirmed or suspected influenza virus infection in critically ill hospitalized patients is the specific indication.,,
oxamniquine,oxamniquine,Complementary,ANTI-INFECTIVE MEDICINES,Anthelminthics: Antischistosomals and other antitrematode medicines,Antischistosomals and other antitrematode medicines,Capsule;Oral liquid,250 mg, 250 mg/5 mL,,,,,*For use when praziquantel treatment fails.,,
oxytocin,oxytocin,Core,MEDICINES FOR REPRODUCTIVE HEALTH AND PERINATAL CARE,Uterotonics,Uterotonics,Injection,10 IU,,1 mL,,,,,,
paliperidone,paliperidone,Core,MEDICINES FOR MENTAL AND BEHAVIOURAL DISORDERS,Medicines for psychotic disorders,Medicines for psychotic disorders,Injection (prolonged-release),25 mg; 50 mg; 75 mg; 100 mg; 150 mg,as palmitate,pre-filled syringe,,,,Therapeutic alternatives: - risperidone injection,,
p-aminosalicylate sodium,p-aminosalicylate sodium,Complementary,ANTI-INFECTIVE MEDICINES,Antituberculosis medicines: Complementary List,Complementary List,Powder for oral solution,5.52 g in sachet (equivalent to 4 g p-aminosalicylic acid),,sachet,,,,,,
paromomycin,paromomycin,Core,ANTI-INFECTIVE MEDICINES,Antiprotozoal medicines: Antileishmaniasis medicines,Antiprotozoal medicines: Antileishmaniasis medicines,Solution for intramuscular injection,750 mg of paromomycin base,as sulfate,,,,,,,
penicillamine,penicillamine,Core;Complementary,ANTIDOTES AND OTHER SUBSTANCES USED IN POISONINGS;MEDICINES FOR DISEASES OF JOINTS,Specific;Disease-modifying anti-rheumatic drugs (DMARDs),Specific;Disease-modifying anti-rheumatic drugs (DMARDs),Solid oral dosage form,250 mg,,,,,,,,
permethrin,permethrin,Core,DERMATOLOGICAL MEDICINES,Scabicides and pediculicides,Scabicides and pediculicides,Cream;Lotion,5%, 1%,,,,,,,
pertussis vaccine,pertussis vaccine,Core,IMMUNOLOGICALS,Vaccines,Recommendations for all,,,,,,,,,,
pilocarpine,pilocarpine,Core,OPHTHALMOLOGICAL PREPARATIONS,Miotics and antiglaucoma medicines,Miotics and antiglaucoma medicines,Solution (eye drops),2%; 4%,hydrochloride or nitrate,,,,,Therapeutic alternatives: - carbachol,,
platelets,platelets,Core,BLOOD PRODUCTS OF HUMAN ORIGIN AND PLASMA SUBSTITUTES,Blood and blood components,Blood and blood components,,,,,,,,All preparations should comply with the WHO requirements.,,
plazomicin,plazomicin,Complementary,ANTI-INFECTIVE MEDICINES,Antibacterials,Reserve group antibiotics,Injection,500 mg/10 mL,,,10 mL,,,,,
pneumococcal vaccine,pneumococcal vaccine,Core,IMMUNOLOGICALS,Vaccines,Recommendations for all,,,,,,,,,,
podophyllum resin,podophyllum resin,Core,DERMATOLOGICAL MEDICINES,Medicines affecting skin differentiation and proliferation,Medicines affecting skin differentiation and proliferation,Solution,10% to 25%,,,,,,Therapeutic alternatives: - podophyllotoxin,,
poliomyelitis vaccine,poliomyelitis vaccine,Core,IMMUNOLOGICALS,Vaccines,Recommendations for all,,,,,,,,,,
polymyxin B,polymyxin B,Complementary,ANTI-INFECTIVE MEDICINES,Antibacterials,Reserve group antibiotics,Powder for injection,500 000 IU (equivalent to 50 mg polymyxin B base),,vial,,,,,,
potassium ferric hexacyano-ferrate(II) -2H2O (Prussian blue),potassium ferric hexacyano-ferrate(II) -2H2O (Prussian blue),Core,ANTIDOTES AND OTHER SUBSTANCES USED IN POISONINGS,Specific,Specific,Powder for oral administration,,,,,,,,,
potassium iodide,potassium iodide,Complementary;Core,ANTI-INFECTIVE MEDICINES;MEDICINES FOR ENDOCRINE DISORDERS,Antifungal medicines;Thyroid hormones and antithyroid medicines,Antifungal medicines;Thyroid hormones and antithyroid medicines,Saturated solution;Tablet,60 mg,,,,,,[c] for Complementary list Tablet.,,
potassium permanganate,potassium permanganate,Core,DERMATOLOGICAL MEDICINES,Anti-infective medicines,Anti-infective medicines,Aqueous solution,1:10 000,,,,,,,,
povidone iodine,povidone iodine,Core,ANTISEPTICS AND DISINFECTANTS,Antiseptics,Antiseptics,Solution,10% (equivalent to 1% available iodine),,,,,,Therapeutic alternatives: - iodine,,
pretomanid,pretomanid,Complementary,ANTI-INFECTIVE MEDICINES,Antituberculosis medicines: Complementary List,Complementary List,Tablet,200 mg,,,,,,,,
procarbazine,procarbazine,Complementary,IMMUNOMODULATORS AND ANTINEOPLASTICS,Cytotoxic medicines,Cytotoxic medicines,Capsule,50 mg,as hydrochloride,,,Hodgkin lymphoma,,[c],,
progesterone vaginal ring,progesterone vaginal ring,Core,MEDICINES FOR REPRODUCTIVE HEALTH AND PERINATAL CARE,Contraceptives,Intravaginal contraceptives,Progesterone-releasing vaginal ring,containing 2.074 g of micronized progesterone,,,,,,*For use in women actively breastfeeding at least 4 times per day,,
proguanil,proguanil,Core,ANTI-INFECTIVE MEDICINES,Antiprotozoal medicines: Antimalarial medicines: For chemoprevention,Antiprotozoal medicines: Antimalarial medicines: For chemoprevention,Tablet,100 mg,as hydrochloride,,,,,*For use only in combination with chloroquine.,,
propranolol,propranolol,Core,ANTIMIGRAINE MEDICINES,For prophylaxis,For prophylaxis,Tablet,20 mg; 40 mg,hydrochloride,,,,,Therapeutic alternatives to be reviewed,,
propylthiouracil,propylthiouracil,Core;Complementary,MEDICINES FOR ENDOCRINE DISORDERS,Thyroid hormones and antithyroid medicines,Thyroid hormones and antithyroid medicines,Tablet,50 mg,,,,For use when alternative first-line treatment is not appropriate or available; and in patients during the first trimester of pregnancy. (Core List only),,[c] (Complementary List only),,
prostaglandin E1,prostaglandin E1,Complementary,MEDICINES FOR REPRODUCTIVE HEALTH AND PERINATAL CARE,Other medicines administered to the neonate [c],Other medicines administered to the neonate [c],Solution for injection,0.5 mg/mL,,,in alcohol,,,Therapeutic alternatives: - prostaglandin E2,,
protamine sulfate,protamine sulfate,Core,MEDICINES AFFECTING THE BLOOD,Medicines affecting coagulation,Medicines affecting coagulation,Injection,10 mg/mL,,5 mL ampoule,,,,[c],,
pyrantel,pyrantel,Core,ANTI-INFECTIVE MEDICINES,Anthelminthics,Intestinal anthelminthics,Tablet (chewable),250 mg,as embonate or pamoate,,,,,,,
pyridoxine,pyridoxine,Core,VITAMINS AND MINERALS,VITAMINS AND MINERALS,VITAMINS AND MINERALS,Tablet,25 mg,hydrochloride,,,,,,,
pyrimethamine,pyrimethamine,Core,ANTI-INFECTIVE MEDICINES,Antiprotozoal medicines,Antipneumocystosis and antitoxoplasmosis medicines,Tablet,25 mg,,,,,,,,
rabies vaccine,rabies vaccine,Core,IMMUNOLOGICALS,Vaccines,Recommendations for some high-risk populations,,,,,,,,,,
rasburicase,rasburicase,Complementary,IMMUNOMODULATORS AND ANTINEOPLASTICS,Supportive medicines,Supportive medicines,Powder and solvent for solution for infusion,1.5 mg; 7.5 mg,,vial,,Tumour lysis syndrome,,,,
ravidasvir,ravidasvir,Core,ANTI-INFECTIVE MEDICINES,Antiviral medicines: Medicines for hepatitis C,Pangenotypic direct-acting antiviral combinations,Tablet,200 mg,,,,,,*Pangenotypic when used in combination with sofosbuvir,,
ready-to-use therapeutic food,ready-to-use therapeutic food,Core,THERAPEUTIC FOODS,THERAPEUTIC FOODS,THERAPEUTIC FOODS,Biscuit or paste,,,,,,,*of nutritional composition as determined by the UN joint statement on the community-based management of severe acute malnutrition and Codex alimentarius guidelines. [c],,
realgar-Indigo naturalis formulation,realgar-Indigo naturalis formulation,Complementary,IMMUNOMODULATORS AND ANTINEOPLASTICS,Cytotoxic medicines,Cytotoxic medicines,Tablet,270 mg (containing tetra-arsenic tetra-sulfide 30 mg),,,,Acute promyelocytic leukaemia,,,,
red blood cells,red blood cells,Core,BLOOD PRODUCTS OF HUMAN ORIGIN AND PLASMA SUBSTITUTES,Blood and blood components,Blood and blood components,,,,,,,,All preparations should comply with the WHO requirements.,,
resin-based composite (high-viscosity),resin-based composite (high-viscosity),Core,DENTAL MEDICINES AND PREPARATIONS,DENTAL MEDICINES AND PREPARATIONS,DENTAL MEDICINES AND PREPARATIONS,Single-use capsule or multi-use syringe,,,,,,,*of any type for use as dental filling material,,
resin-based composite (low-viscosity),resin-based composite (low-viscosity),Core,DENTAL MEDICINES AND PREPARATIONS,DENTAL MEDICINES AND PREPARATIONS,DENTAL MEDICINES AND PREPARATIONS,Single-use applicator or multi-use bottle,,,,,,,*of any type for use as dental sealant,,
riboflavin,riboflavin,Core,VITAMINS AND MINERALS,VITAMINS AND MINERALS,VITAMINS AND MINERALS,Tablet,5 mg,,,,,,,,
rifabutin,rifabutin,Core,ANTI-INFECTIVE MEDICINES,Antituberculosis medicines,Antituberculosis medicines,Solid oral dosage form,150 mg,,,,For use only in patients with HIV receiving protease inhibitors.,,,,
rifapentine,rifapentine,Core,ANTI-INFECTIVE MEDICINES,Antituberculosis medicines,Antituberculosis medicines,Tablet,150 mg; 300 mg,,,,,,,,
rotavirus vaccine,rotavirus vaccine,Core,IMMUNOLOGICALS,Vaccines,Recommendations for all,,,,,,,,,,
rubella vaccine,rubella vaccine,Core,IMMUNOLOGICALS,Vaccines,Recommendations for all,,,,,,,,,,
salicylic acid,salicylic acid,Core,DERMATOLOGICAL MEDICINES,Medicines affecting skin differentiation and proliferation,Medicines affecting skin differentiation and proliferation,Solution,5%,,,,,,,,
selenium sulfide,selenium sulfide,Core,DERMATOLOGICAL MEDICINES,Antifungal medicines,Antifungal medicines,Detergent-based suspension,2%,,,,,,,,
silver diamine fluoride,silver diamine fluoride,Core,DENTAL MEDICINES AND PREPARATIONS,DENTAL MEDICINES AND PREPARATIONS,DENTAL MEDICINES AND PREPARATIONS,Solution,38% w/v,,,,,,,,
silver sulfadiazine,silver sulfadiazine,Core,DERMATOLOGICAL MEDICINES,Anti-infective medicines,Anti-infective medicines,Cream,1%,,,,,,a > 2 months.,,
sodium calcium edetate,sodium calcium edetate,Complementary,ANTIDOTES AND OTHER SUBSTANCES USED IN POISONINGS,Specific,Specific,Injection,200 mg/mL,,5 mL ampoule,,,,,,
sodium nitrite,sodium nitrite,Core,ANTIDOTES AND OTHER SUBSTANCES USED IN POISONINGS,Specific,Specific,Injection,30 mg/mL,,10 mL ampoule,,,,,,
sodium nitroprusside,sodium nitroprusside,Complementary,CARDIOVASCULAR MEDICINES,Antihypertensive medicines,Antihypertensive medicines,Powder for infusion,50 mg,,ampoule,,,,,,
sodium stibogluconate,sodium stibogluconate,Core,ANTI-INFECTIVE MEDICINES,Antiprotozoal medicines: Antileishmaniasis medicines,Antiprotozoal medicines: Antileishmaniasis medicines,Injection,100 mg/mL,,30 mL vial,,,,,,
sofosbuvir,sofosbuvir,Core,ANTI-INFECTIVE MEDICINES,Antiviral medicines: Medicines for hepatitis C,Pangenotypic direct-acting antiviral combinations,Tablet,200 mg; 400 mg,,,,,,*Pangenotypic when used in combination with daclatasvir or ravidasvir,,
sofosbuvir + velpatasvir,sofosbuvir + velpatasvir,Core,ANTI-INFECTIVE MEDICINES,Antiviral medicines: Medicines for hepatitis C,Pangenotypic direct-acting antiviral combinations,Tablet,200 mg + 50 mg; 400 mg + 100 mg,,,,,,[c] for 200 mg + 50 mg tablet,,
spectinomycin,spectinomycin,Core,ANTI-INFECTIVE MEDICINES,Antibacterials,Access group antibiotics,Powder for injection,2 g,as hydrochloride,vial,,,,,,Gonorrhoea
streptokinase,streptokinase,Complementary,CARDIOVASCULAR MEDICINES,Antithrombotic medicines: Thrombolytic medicines,Thrombolytic medicines,Powder for injection,1.5 million IU,,vial,,,,,,
streptomycin,streptomycin,Complementary,ANTI-INFECTIVE MEDICINES,Antituberculosis medicines: Complementary List,Complementary List,Powder for injection,1 g,as sulfate,vial,,,,[c],,
succimer,succimer,Complementary,ANTIDOTES AND OTHER SUBSTANCES USED IN POISONINGS,Specific,Specific,Solid oral dosage form,100 mg,,,,,,,,
sulfadiazine,sulfadiazine,Core,ANTI-INFECTIVE MEDICINES,Antiprotozoal medicines,Antipneumocystosis and antitoxoplasmosis medicines,Tablet,500 mg,,,,,,,,
sumatriptan,sumatriptan,Core,ANTIMIGRAINE MEDICINES,For treatment of acute attack,For treatment of acute attack,Tablet,50 mg,,,,,,,,
suramin sodium,suramin sodium,Core,ANTI-INFECTIVE MEDICINES,Antiprotozoal medicines: Antitrypanosomal medicines: African trypanosomiasis,Medicines for the treatment of 1st stage African trypanosomiasis,Powder for injection,1 g,sodium,vial,,,,*To be used for the treatment of the initial phase of Trypanosoma brucei rhodesiense infection.,,
surfactant,surfactant,Complementary,MEDICINES FOR REPRODUCTIVE HEALTH AND PERINATAL CARE,Other medicines administered to the neonate [c],Other medicines administered to the neonate [c],Suspension for intratracheal instillation,25 mg/mL or 80 mg/mL,,,,,,,,
suxamethonium,suxamethonium,Core,MUSCLE RELAXANTS (PERIPHERALLY-ACTING) AND CHOLINESTERASE INHIBITORS,MUSCLE RELAXANTS (PERIPHERALLY-ACTING) AND CHOLINESTERASE INHIBITORS,MUSCLE RELAXANTS (PERIPHERALLY-ACTING) AND CHOLINESTERASE INHIBITORS,Injection;Powder for injection,50 mg/mL,,2 mL ampoule;vial,,,,,,
tenofovir disoproxil fumarate,tenofovir disoproxil fumarate,Core,ANTI-INFECTIVE MEDICINES,Antiviral medicines: Antiretrovirals: Nucleoside/Nucleotide reverse transcriptase inhibitors;Antihepatitis medicines: Medicines for hepatitis B: Nucleoside/Nucleotide reverse transcriptase inhibitors,Antiretrovirals: Nucleoside/Nucleotide reverse transcriptase inhibitors;Antihepatitis medicines: Medicines for hepatitis B: Nucleoside/Nucleotide reverse transcriptase inhibitors,Tablet,300 mg (equivalent to 245 mg tenofovir disoproxil),,,,,,†also indicated for pre-exposure prophylaxis.,,
terbinafine,terbinafine,Core,DERMATOLOGICAL MEDICINES,Antifungal medicines,Antifungal medicines,Cream or ointment,1%,hydrochloride,,,,,,,
testosterone,testosterone,Complementary,MEDICINES FOR ENDOCRINE DISORDERS,Androgens,Androgens,Injection,200 mg,enanthate,1 mL ampoule,,,,,,
tetanus vaccine,tetanus vaccine,Core,IMMUNOLOGICALS,Vaccines,Recommendations for all,,,,,,,,,,
tetracaine,tetracaine,Core,OPHTHALMOLOGICAL PREPARATIONS,Local anaesthetics,Local anaesthetics,Solution (eye drops),0.5%,hydrochloride,,,,,a Not in preterm neonates. Therapeutic alternatives: - 4th level ATC chemical subgroup (S01HA Local anaesthetics) excluding cocaine and combinations.,,
thalidomide,thalidomide,Complementary,IMMUNOMODULATORS AND ANTINEOPLASTICS,Immunomodulators,Immunomodulators,Capsule,50 mg,,,,Multiple myeloma,,,,
thiamine,thiamine,Core,VITAMINS AND MINERALS,VITAMINS AND MINERALS,VITAMINS AND MINERALS,Tablet,50 mg,hydrochloride,,,,,,,
tick-borne encephalitis vaccine,tick-borne encephalitis vaccine,Core,IMMUNOLOGICALS,Vaccines,Recommendations for certain regions,,,,,,,,,,
timolol,timolol,Core,OPHTHALMOLOGICAL PREPARATIONS,Miotics and antiglaucoma medicines,Miotics and antiglaucoma medicines,Solution (eye drops),0.25%; 0.5%,as hydrogen maleate,,,,,Therapeutic alternatives: - 4th level ATC chemical subgroup (S01ED Beta blocking agents) excluding combinations.,,
tioguanine,tioguanine,Complementary,IMMUNOMODULATORS AND ANTINEOPLASTICS,Cytotoxic medicines,Cytotoxic medicines,Solid oral dosage form,40 mg,,,,Acute lymphoblastic leukaemia,,[c],,
tranexamic acid,tranexamic acid,Core,MEDICINES AFFECTING THE BLOOD;MEDICINES FOR REPRODUCTIVE HEALTH AND PERINATAL CARE,Medicines affecting coagulation;Other medicines administered to the mother,Medicines affecting coagulation;Other medicines administered to the mother,Injection,100 mg/mL,,10 mL ampoule,,,,,,
triamcinolone hexacetonide,triamcinolone hexacetonide,Complementary,MEDICINES FOR DISEASES OF JOINTS,Medicines for juvenile joint diseases,Medicines for juvenile joint diseases,Injection,20 mg/mL,,vial,,,,Therapeutic alternatives: - triamcinolone acetonide,,
triclabendazole,triclabendazole,Core,ANTI-INFECTIVE MEDICINES,Anthelminthics,Antischistosomals and other antitrematode medicines,Tablet (scored),250 mg,,,,,,,,
typhoid vaccine,typhoid vaccine,Core,IMMUNOLOGICALS,Vaccines,Recommendations for some high-risk populations,,,,,,,,,,
ulipristal,ulipristal,Core,MEDICINES FOR REPRODUCTIVE HEALTH AND PERINATAL CARE,Contraceptives,Oral hormonal contraceptives,Tablet,30 mg,as acetate,,,,,,,
urea,urea,Core,DERMATOLOGICAL MEDICINES,Medicines affecting skin differentiation and proliferation,Medicines affecting skin differentiation and proliferation,Cream or ointment,5%; 10%,,,,,,,,
varicella vaccine,varicella vaccine,Core,IMMUNOLOGICALS,Vaccines,Recommendations for immunization programmes with certain characteristics,,,,,,,,,,
vecuronium,vecuronium,Complementary,MUSCLE RELAXANTS (PERIPHERALLY-ACTING) AND CHOLINESTERASE INHIBITORS,MUSCLE RELAXANTS (PERIPHERALLY-ACTING) AND CHOLINESTERASE INHIBITORS,MUSCLE RELAXANTS (PERIPHERALLY-ACTING) AND CHOLINESTERASE INHIBITORS,Powder for injection,10 mg,bromide,vial,,,,Therapeutic alternatives: - atracurium (Core list only),,
whole blood,whole blood,Core,BLOOD PRODUCTS OF HUMAN ORIGIN AND PLASMA SUBSTITUTES,Blood and blood components,Blood and blood components,,,,,,,,All preparations should comply with the WHO requirements.,,
yellow fever vaccine,yellow fever vaccine,Core,IMMUNOLOGICALS,Vaccines,Recommendations for certain regions,,,,,,,,,,
zinc sulfate,zinc sulfate,Core,GASTROINTESTINAL MEDICINES,Medicines used in diarrhoea,Medicines for diarrhoea,Solid oral dosage form,20 mg,,,,In acute diarrhoea zinc sulfate should be used as an adjunct to oral rehydration salts.,,*,,
